run,event,pip_rec_px,pip_rec_py,pip_rec_pz,pip_lund_px,pip_lund_py,pip_lund_pz,theta_lund_deg,theta_rec_deg,pip_rec_vx,pip_rec_vy,pip_rec_vz,pip_lund_vx,pip_lund_vy,pip_lund_vz,rec_track_detector_list,rec_traj_detector_list,rec_scintillator_detector_component,rec_particle_pid_list
11,875,0.578981,-0.382819,0.88577,0.62977,-0.393024,1.00588,36.4275,38.0825,-1.03759,-1.52488,1.71421,0,0,-4.74493,"6","15,8,8,8,8,8,8,6,6,6,12,12,12,16,7,7,7","12:20,12:51","11,211"
11,1366,-0.214315,-0.651697,0.867934,-0.208104,-0.657358,0.867044,38.4933,38.3235,0.547718,-0.151739,-0.81108,0,0,1.2458,"6","15,8,8,8,8,8,8,6,6,6,12,12,12,16,7,7,7","12:19,12:50","11,211"
11,1307,-0.204904,0.645397,0.844645,-0.200183,0.653974,1.11583,31.5054,38.7188,13.3865,4.23733,15.838,0,0,-2.1327,"6","15,8,8,8,8,8,8,6,6,6,12,12,16,7,7,7","12:15,12:41","11,211"
11,4722,-0.523266,0.333358,0.791556,-0.521255,0.336688,0.800391,37.7861,38.0898,0.0535194,0.00965238,-0.486925,0,0,-2.87476,"6","15,8,8,8,8,8,8,6,6,6,12,12,12,16,7,7,7","12:19,12:50","11,211,22,22,22,22,2112"
11,1621,0.653599,0.204886,0.854873,0.690706,0.249568,0.925031,38.4471,38.7032,-0.32223,0.922633,-3.46939,0,0,1.93802,"6","15,8,8,8,8,8,8,6,6,6,12,12,12,16,7,7,7","12:20,12:52","11,211,2112,22"
11,3098,-0.612174,0.403496,0.918983,-0.74626,0.341525,0.989688,39.6672,38.5838,-1.47529,-2.29904,-1.8024,0,0,-7.20526,"6","15,8,8,8,8,8,8,6,6,6,12,12,12,16,7,7,7","12:22,12:57","11,211,22"
11,3672,-0.0774588,0.688575,0.886483,0.672907,0.947348,1.39392,39.8156,38.0129,6.05047,0.659366,-2.30711,0,0,-5.89772,"6","15,8,8,8,8,8,8,6,6,6,12,12,16,7,7,7","12:18,12:46","11,211,2112,2112,22"
11,3490,-0.51419,0.422736,0.846281,-0.528172,0.428355,0.862766,38.2455,38.1874,-0.195237,-0.301638,-1.55253,0,0,-0.086829,"6","15,8,8,8,8,8,8,6,6,6,12,12,12,16,7,7,7","12:20","11,211,2112,22"
11,3101,0.232454,0.669829,0.880142,0.226539,0.715287,0.93518,38.7404,38.8539,0.31645,-0.126563,-3.93426,0,0,1.94405,"6","15,8,8,8,8,8,8,6,6,6,12,12,12,16,7,7,7","12:20,12:51","11,211,22,22"
11,1921,-0.0932873,-0.685981,0.856758,-0.141208,-0.593074,0.956308,32.5178,38.9396,-1.33817,0.228133,1.34069,0,0,-0.642389,"6","15,8,8,8,8,8,8,6,6,6,12,12,12,16,7,7,7","12:20,12:52","11,211,22"
11,2486,-0.312834,0.640572,0.887138,-0.7014,0.557964,1.00336,41.7731,38.7844,-10.5632,-5.21623,1.92752,0,0,-3.16913,"6","15,8,8,8,8,8,8,6,6,6,12,12,12,16,7,7,7","12:23,12:60","11,211,2112"
11,1418,0.578872,-0.426912,0.904669,3.40444,-2.17038,5.31071,37.2436,38.4869,-8.86374,-11.989,-9.19015,0,0,-6.01059,"6","15,8,8,8,8,8,8,6,6,6,12,12,16,7,7,7","12:15,12:39","11,211,2112,2112,2112,22,22"
11,3916,-0.491499,0.43673,0.82745,-0.495297,0.442341,0.833839,38.5337,38.4709,0.179959,0.144577,-0.69607,0,0,-4.71676,"6","15,8,8,8,8,8,8,6,6,6,12,12,12,16,7,7,7","12:20,12:51","11,211,2112"
11,3022,-0.437583,0.527948,0.849386,-0.608485,0.536067,0.940437,40.7712,38.9143,-2.46984,-2.07192,-1.33579,0,0,-2.55429,"6","15,8,8,8,8,8,8,6,6,6,12,12,12,16,7,7,7","12:20,12:52","11,211,22"
11,3307,0.689111,0.22605,0.899351,0.718548,0.252809,0.960095,38.4279,38.8828,0.434222,-1.38043,-1.52028,0,0,-5.95295,"6","15,8,8,8,8,8,8,6,6,6,12,12,12,16,7,7,7","12:20,12:52","11,211"
11,2249,-0.487742,0.449304,0.819104,-0.529137,0.471199,0.90889,37.9384,38.9937,-0.230043,-0.317953,-3.74934,0,0,1.075,"6","15,8,8,8,8,8,8,6,6,6,12,12,12,16,7,7,7","12:20,12:52","11,211,22"
11,2190,-0.517692,0.442515,0.858448,-0.544034,0.457731,0.920417,37.6844,38.4266,0.505816,0.553787,-2.22727,0,0,-5.38016,"6","15,8,8,8,8,8,8,6,6,6,12,12,12,16,7,7,7","12:20,12:51","11,211,22"
11,544,0.669334,0.223867,0.877161,0.75174,0.269252,1.10262,35.9117,38.8208,0.712085,-2.18375,6.09379,0,0,-5.98013,"6","15,8,8,8,8,8,8,6,6,6,12,12,12,16,7,7,7","12:20,12:51","11,211,2112"
11,4947,-0.563828,0.482045,0.934696,-0.656921,0.540732,1.00018,40.3876,38.4365,2.92632,3.39598,-11.2156,0,0,-4.18259,"6","15,8,8,8,8,8,8,6,6,6,12,12,12,16,7,7,7","12:19,12:49","11,211,2112,22"
11,2196,0.702596,-0.0921578,0.893117,0.571047,-0.070642,0.987652,30.2248,38.4291,0.044165,0.52097,-0.0351382,0,0,-3.58826,"6","15,8,8,8,8,8,8,6,6,6,12,12,12,16,7,7,7","12:19,12:50","11,211"
11,3334,-0.684909,0.0143588,0.851839,-0.776605,0.004981,1.07735,35.7865,38.8066,0.0801202,2.89207,8.59206,0,0,-3.15826,"6","15,8,8,8,8,8,8,6,6,6,12,12,16,7,7,7","12:18,12:47","11,211"
11,2677,0.640142,0.22183,0.84392,0.705094,0.27217,0.904414,39.8848,38.757,-0.221327,0.507677,-3.48276,0,0,-1.38169,"6","15,8,8,8,8,8,8,6,6,6,12,12,12,16,7,7,7","12:20,12:52","11,211,2112,22"
11,3273,0.686298,0.205537,0.901403,0.862113,0.326185,1.07194,40.6921,38.4769,0.264197,-1.0391,-11.1501,0,0,-1.68092,"6","15,8,8,8,8,8,8,6,6,6,12,12,12,16,7,7,7","12:50","11,211,2112,22"
11,4009,-0.455715,0.414948,0.788586,-0.576642,0.47215,0.875247,40.4146,38.0097,1.21103,1.27034,-10.034,0,0,-3.12985,"6","15,8,8,8,8,8,8,6,6,6,12,12,16,7,7,7","12:45","11,211,2112,22"
11,2622,0.072944,-0.67088,0.850731,0.216263,-0.8951,1.28727,35.5782,38.4228,-2.36459,-0.235524,2.09902,0,0,-4.06704,"6","15,8,8,8,8,8,8,6,6,6,12,12,12,16,7,7,7","12:19,12:51","11,211"
11,484,-0.528172,-0.340345,0.804194,-0.087456,-0.509091,0.913324,29.4912,38.0012,6.7835,-10.4822,14.2616,0,0,-4.35527,"6","15,8,8,8,8,8,8,6,6,6,12,12,12,16,7,7,7","12:1","11,211,2112"
11,2820,-0.337751,0.585388,0.851952,-0.575282,0.748287,1.3986,34.014,38.4243,5.09988,2.90609,4.66441,0,0,-1.87366,"6","15,8,8,8,8,8,8,6,6,6,12,12,16,7,7,7","12:41","11,211"
11,851,0.65172,-0.0408198,0.823096,1.10146,-0.671538,1.98653,32.9991,38.4265,-0.440426,-6.53527,4.13175,0,0,-2.94931,"6","15,8,8,8,8,8,8,6,6,6,12,12,16,7,7,7","12:15,12:40","11,211"
11,1139,-0.221879,-0.588293,0.802924,-0.211815,-0.64785,0.870387,38.0644,38.0634,0.124052,-0.0251176,-3.63833,0,0,-1.04301,"6","15,8,8,8,8,8,8,6,6,6,12,12,16,7,7,7","12:18,12:47","11,211,22"
11,2996,-0.564167,0.48229,0.939082,-0.607864,0.494299,1.00853,37.8419,38.3217,-0.527819,-0.643336,-1.45935,0,0,-6.22151,"6","15,8,8,8,8,8,8,6,6,6,12,12,12,16,7,7,7","12:21,12:54","11,211,2112,2112,22"
11,1576,-0.699514,-0.16592,0.910204,-0.683604,-0.102331,1.01416,34.2771,38.3034,-0.123165,0.647242,-1.60418,0,0,-1.59627,"6","15,8,8,8,8,8,8,6,6,6,12,12,12,16,7,7,7","12:19,12:50","11,211,2112,2112,22"
11,3363,-0.490991,0.463806,0.860194,-0.496099,0.465642,0.871687,37.9738,38.1387,0.35461,0.315958,-0.524617,0,0,-6.25419,"6","15,8,8,8,8,8,8,6,6,6,12,12,12,16,7,7,7","12:19,12:50","11,211"
11,4553,0.740992,-0.0817074,0.933084,0.71087,-0.068467,0.972652,36.2876,38.6229,0.140518,1.47543,-1.68578,0,0,-2.53604,"6","15,8,8,8,8,8,8,6,6,6,12,12,12,16,7,7,7","12:20,12:52","11,211,22"
11,4601,-0.335169,-0.544821,0.795661,-0.082535,-0.435307,2.33016,10.7658,38.7972,1.21901,-0.697129,11.806,0,0,-0.814276,"6","15,8,8,8,8,8,8,6,6,6,12,12,12,16,7,7,7","12:19,12:49","11,211,2112,2112,2112,2112"
11,4920,-0.642706,0.165014,0.841318,-2.42783,-0.534592,3.91205,32.4347,38.263,-0.948835,-3.77466,1.71887,0,0,-3.50421,"6","15,8,8,8,8,8,8,6,6,6,12,12,12,16,7,7,7","12:21,12:54","11,211,2112,22,2112,22,22"
11,4076,0.251954,0.694114,0.926814,0.237405,0.760932,0.99445,38.7141,38.5457,-0.956739,0.328186,-2.72303,0,0,-0.044337,"6","15,8,8,8,8,8,8,6,6,6,12,12,12,16,7,7,7","12:20,12:51","11,211,2112,22"
11,1732,-0.414783,0.510265,0.825111,-0.447554,0.505533,0.87059,37.7951,38.5535,0.683011,0.516904,-2.27755,0,0,-3.16444,"6","15,8,8,8,8,8,8,6,6,6,12,12,16,7,7,7","12:18,12:48","11,211,22,22"
11,3417,0.270449,-0.616419,0.840682,0.244488,-0.610663,0.914807,35.7178,38.6844,-4.61464,-1.98091,2.75554,0,0,-6.8166,"6","15,8,8,8,8,8,8,6,6,6,12,12,16,7,7,7","12:17,12:44","11,211,2112"
11,3231,-0.52761,0.497141,0.907387,-0.598982,0.508467,1.00698,37.963,38.622,-0.272383,-0.34195,-4.52656,0,0,-1.8627,"6","15,8,8,8,8,8,8,6,6,6,12,12,12,16,7,7,7","12:20,12:53","11,211,22"
11,150,-0.66941,0.196143,0.872793,-0.583096,0.191449,0.988664,31.8303,38.6326,4.13524,14.0094,8.28345,0,0,3.80845,"6","15,8,8,8,8,8,8,6,6,6,12,12,16,7,7,7","12:15,12:40","11,211"
11,3827,0.636978,0.0693913,0.793457,0.827959,0.205654,1.24021,34.5233,38.9222,0.536259,-5.14953,4.27085,0,0,-1.93729,"6","15,8,8,8,8,8,8,6,6,6,12,12,16,7,7,7","12:16,12:43","11,211"
11,2684,-0.520026,0.502521,0.911543,-0.591161,0.48902,0.968557,38.3833,38.4261,0.76147,0.749376,-3.50451,0,0,-0.835558,"6","15,8,8,8,8,8,8,6,6,6,12,12,12,16,7,7,7","12:20,12:51","11,211,22"
11,4907,0.619929,0.187087,0.815773,0.659037,0.226536,0.893234,37.9607,38.4418,0.122514,-0.470187,-4.12985,0,0,-5.23023,"6","15,8,8,8,8,8,8,6,6,6,12,12,12,16,7,7,7","12:18,12:49","11,211,2112,2112,22,22"
11,4823,-0.534728,0.485583,0.894464,-0.921996,0.593899,1.42136,37.6538,38.9219,-1.65924,-1.89296,4.21228,0,0,-3.01745,"6","15,8,8,8,8,8,8,6,6,6,12,12,12,16,7,7,7","12:55","11,211"
11,1203,0.518586,-0.470633,0.887728,0.685822,-0.48037,1.13457,36.4277,38.269,-2.09161,-2.24403,-4.68861,0,0,-2.29925,"6","15,8,8,8,8,8,8,6,6,6,12,12,12,16,7,7,7","12:19,12:49","11,211,2112,2112"
11,2288,-0.558119,0.49046,0.921217,-0.623553,0.500424,0.991035,38.8952,38.8876,-1.09121,-1.30848,-3.45087,0,0,1.53133,"6","15,8,8,8,8,8,8,6,6,6,12,12,12,16,7,7,7","12:21,12:55","11,211,2112,22,22"
11,1582,0.695494,0.243377,0.913533,0.697757,0.242637,0.954127,37.7491,38.8893,0.203582,-0.641443,0.649418,0,0,-8.41388,"6","15,8,8,8,8,8,8,6,6,6,12,12,12,16,7,7,7","12:21,12:53","11,211,22"
11,837,0.667685,0.214112,0.895189,0.704239,0.254566,0.952793,38.1652,38.0706,-0.129523,0.291829,-3.32676,0,0,-3.56624,"6","15,8,8,8,8,8,8,6,6,6,12,12,12,16,7,7,7","12:20,12:52","11,211,2112,2112,2112,22,22,22,22,22"
11,3890,0.652007,0.219143,0.864035,0.660885,0.234852,0.870325,38.8645,38.5229,-0.088032,0.15738,-1.11764,0,0,-6.09986,"6","15,8,8,8,8,8,8,6,6,6,12,12,12,16,7,7,7","12:21,12:52","11,211,22,22,22,22,22"
11,510,-0.109919,0.626233,0.795951,-2.22187,3.7992,4.79546,42.5453,38.6179,-3.8758,-0.712707,-6.86832,0,0,-3.88201,"6","15,8,8,8,8,8,8,6,6,6,12,12,12,16,7,7,7","12:20,12:52","11,211,2112,22,22,22"
11,3434,0.699663,0.163483,0.899498,0.994031,0.38218,1.17456,42.1984,38.6175,-0.692886,2.83738,-12.6543,0,0,-2.86603,"6","15,8,8,8,8,8,8,6,6,6,12,12,12,16,7,7,7","12:20,12:53","11,211,22"
11,3358,-0.634545,-0.151085,0.816965,-0.679251,-0.296531,0.835359,41.5804,38.6047,0.449732,-1.73282,-2.09357,0,0,-3.13907,"6","15,8,8,8,8,8,8,6,6,6,12,12,12,16,7,7,7","12:20,12:51","11,211,2112,22"
11,823,-0.490264,0.459834,0.850336,-0.576418,0.493944,0.928537,39.2669,38.3253,-1.23396,-1.38278,-1.14891,0,0,-4.06353,"6","15,8,8,8,8,8,8,6,6,6,12,12,12,16,7,7,7","12:20,12:52","11,211,2112,22"
11,1397,-0.445901,0.468511,0.802798,-0.721217,0.547423,1.21446,36.7064,38.8571,0.866775,0.763244,-0.948404,0,0,0.525336,"6","15,8,8,8,8,8,8,6,6,6,12,12,12,16,7,7,7","12:19,12:49","11,211"
11,1329,0.182023,-0.603501,0.799887,1.78323,-1.13122,3.57815,30.5485,38.24,3.50709,1.08345,1.28293,0,0,-7.1464,"6","15,8,8,8,8,8,8,6,6,6,12,12,12,16,7,7,7","12:20,12:52","11,211,2112,22,2112,2112,2112"
11,2970,-0.403435,-0.551926,0.855646,-0.359103,-0.444463,0.946162,31.1285,38.6246,-0.360697,0.316897,2.39111,0,0,-2.62609,"6","15,8,8,8,8,8,8,6,6,6,12,12,12,16,7,7,7","12:19,12:49","11,211,2112"
11,28,0.257425,0.600263,0.833439,0.227194,0.708299,0.936499,38.4595,38.0844,-2.26588,0.933628,-0.617176,0,0,-2.75814,"6","15,8,8,8,8,8,8,6,6,6,12,12,12,16,7,7,7","12:19,12:49","11,211,22"
11,2260,-0.497562,0.498626,0.900142,-0.585167,0.50447,0.957494,38.9,38.0452,-1.50248,-1.54433,-5.70644,0,0,-4.5921,"6","15,8,8,8,8,8,8,6,6,6,12,12,12,16,7,7,7","12:52","11,211,22,22"
11,944,0.650541,-0.0274649,0.827142,0.920306,-0.390161,1.86078,28.2443,38.2096,-0.254145,-5.4388,5.24997,0,0,-5.12793,"6","15,8,8,8,8,8,8,6,6,6,12,12,16,7,7,7","12:16,12:41","11,211,22"
11,4945,-0.671974,0.0668393,0.846411,-0.67658,0.062453,0.860711,38.288,38.5838,0.094767,0.520959,-0.47017,0,0,1.90838,"6","15,8,8,8,8,8,8,6,6,6,12,12,16,7,7,7","12:18,12:47","11,211"
11,4437,-0.627339,0.33278,0.89467,-0.770051,0.335028,1.13448,36.5099,38.4406,-0.29143,-0.624601,3.53016,0,0,-2.70963,"6","15,8,8,8,8,8,8,6,6,6,12,12,12,16,7,7,7","12:21,12:55","11,211"
11,4329,-0.521905,0.426616,0.845837,-0.526873,0.435921,0.850618,38.7965,38.5528,-0.0213274,-0.0742045,-0.833089,0,0,-1.80542,"6","15,8,8,8,8,8,8,6,6,6,12,12,12,16,7,7,7","12:20,12:52","11,211,2112,2112"
11,2254,0.251997,0.687748,0.921802,0.238643,0.752149,0.981366,38.8022,38.4706,-1.08156,0.361327,-4.55995,0,0,-4.30067,"6","15,8,8,8,8,8,8,6,6,6,12,12,12,16,7,7,7","12:20,12:51","11,211,22"
11,603,0.279324,-0.648499,0.884968,0.135975,-0.605373,0.962683,32.8021,38.5856,-1.87319,-0.760392,21.5557,0,0,-3.78557,"6","15,8,8,8,8,8,8,6,6,6,12,12,12,16,7,7,7","12:20,12:52","11,211"
11,3884,0.677749,0.206914,0.87848,0.726787,0.262864,0.9479,39.1918,38.8915,-0.093324,0.191066,-2.36007,0,0,-2.69155,"6","15,8,8,8,8,8,8,6,6,6,12,12,12,16,7,7,7","12:20,12:53","11,211,22,22,22"
11,4130,0.604013,0.195096,0.807244,0.620468,0.225127,0.824944,38.6637,38.1781,-0.113272,0.200421,-1.57241,0,0,-3.2499,"6","15,8,8,8,8,8,8,6,6,6,12,12,12,16,7,7,7","12:50","11,211"
11,3688,0.615095,0.21182,0.80829,0.637282,0.221442,0.870199,37.7862,38.8286,-0.00552871,-0.0990521,-0.63453,0,0,-2.74,"6","15,8,8,8,8,8,8,6,6,6,12,12,12,16,7,7,7","12:20,12:51","11,211,22,22,22"
11,696,0.743496,0.00931521,0.940107,3.01934,0.427814,5.19158,30.4297,38.3414,0.0607554,-7.51859,27.4351,0,0,-4.34679,"6","15,8,8,8,8,8,8,6,6,6,12,12,16,7,7,7","12:18,12:47","11,211,22,2112,2112,22,22"
11,4724,0.5585,0.41816,0.881545,0.551484,0.288291,0.941365,33.4668,38.3598,3.84399,-5.18798,13.0033,0,0,0.462164,"6","15,8,8,8,8,8,8,6,6,6,12,12,12,16,7,7,7","12:49","11,211"
11,215,-0.488476,0.440521,0.814555,-0.559387,0.461072,0.905334,38.6848,38.9218,-0.502575,-0.61215,-0.2423,0,0,-1.02869,"6","15,8,8,8,8,8,8,6,6,6,12,12,12,16,7,7,7","12:20,12:52","11,211,2112,22,2112,22"
11,2397,-0.609016,-0.306763,0.84914,-0.577811,-0.196173,0.916224,33.6636,38.7666,-4.06279,8.10007,14.7352,0,0,0.892238,"6","15,8,8,8,8,8,8,6,6,6,12,12,16,7,7,7","12:17,12:46","11,211,22,2112"
11,4886,0.646605,0.0676418,0.83065,3.80921,1.83232,4.59605,42.6048,38.0496,0.413349,-4.23382,-15.4171,0,0,1.6607,"6","15,8,8,8,8,8,8,6,6,6,12,12,16,7,7,7","12:16,12:41","11,211,22"
11,4055,-0.549189,0.482901,0.929294,-0.613659,0.500852,0.999693,38.3915,38.2007,-0.72215,-0.878785,-1.22475,0,0,-4.172,"6","15,8,8,8,8,8,8,6,6,6,12,12,12,16,7,7,7","12:21,12:53","11,211,22"
11,3143,-0.0758393,0.700676,0.885684,-0.082562,0.706838,0.906188,38.1431,38.5104,0.243081,-0.00689065,0.166474,0,0,-3.18929,"6","15,8,8,8,8,8,8,6,6,6,12,12,12,16,7,7,7","12:21,12:54","11,211"
11,1599,0.163245,-0.640585,0.841776,-0.62632,-2.68479,4.07392,34.0868,38.143,-7.76111,-1.95598,3.60826,0,0,-2.94529,"6","15,8,8,8,8,8,8,6,6,6,12,12,16,7,7,7","12:16,12:43","11,211,2112,2112,2112,22"
11,217,-0.646923,-0.247546,0.877433,-0.658876,-0.349183,0.955639,37.9649,38.2885,0.802524,-2.02397,-1.62805,0,0,-1.90376,"6","15,8,8,8,8,8,8,6,6,6,12,12,12,16,7,7,7","12:21,12:54","11,211,2112,22,22"
11,15,-0.0724606,-0.635608,0.792908,0.36665,-0.431781,1.05127,28.3169,38.8969,3.83904,-0.406728,1.44078,0,0,-5.89586,"6","15,8,8,8,8,8,8,6,6,6,12,12,12,16,7,7,7","12:22,12:56","11,211"
11,2721,0.654449,-0.259419,0.883199,2.69037,-0.072349,2.90179,42.8452,38.558,1.51087,3.94981,-8.01002,0,0,-3.277,"6","15,8,8,8,8,8,8,6,6,6,12,12,12,16,7,7,7","12:21,12:55","11,211,2112,22"
11,3538,0.107621,-0.737588,0.929569,0.187709,-2.01801,3.0531,33.5772,38.7253,-4.28197,-0.589064,-2.42781,0,0,-0.592646,"6","15,8,8,8,8,8,8,6,6,6,12,12,12,16,7,7,7","12:20,12:51","11,211,2112,2112,22"
11,4227,-0.463831,0.446058,0.801138,-0.584003,0.471824,0.881568,40.4193,38.773,-2.50717,-2.63783,-2.78655,0,0,-3.1747,"6","15,8,8,8,8,8,8,6,6,6,12,12,12,16,7,7,7","12:21,12:53","11,211,2112,22"
11,2945,-0.47114,0.422958,0.809667,-0.467627,0.424022,0.816694,37.7014,38.0245,0.567477,0.598128,-1.73688,0,0,-6.83538,"6","15,8,8,8,8,8,8,6,6,6,12,12,16,7,7,7","12:19,12:48","11,211"
11,445,-0.221408,-0.611957,0.826293,-0.210912,-0.64861,0.879963,37.7785,38.2235,0.395986,-0.117985,-1.62463,0,0,-2.14874,"6","15,8,8,8,8,8,8,6,6,6,12,12,16,7,7,7","12:19,12:48","11,211,22"
11,4457,0.693336,0.21061,0.907611,0.743234,0.275759,0.981603,38.9243,38.6032,-0.390631,1.22092,-4.85445,0,0,0.051696,"6","15,8,8,8,8,8,8,6,6,6,12,12,12,16,7,7,7","12:21,12:53","11,211,22,22"
11,1438,-0.558259,0.473998,0.927952,-2.2264,1.86858,4.93021,30.5216,38.2806,0.990869,1.11597,4.83252,0,0,-2.97642,"6","15,8,8,8,8,8,8,6,6,6,12,12,12,16,7,7,7","12:20,12:52","11,211,22,2112,2112,22"
11,1674,-0.191592,-0.597777,0.795355,-0.200998,-0.585993,0.814785,37.2469,38.2821,-1.92064,0.654787,2.40663,0,0,-3.97506,"6","15,8,8,8,8,8,8,6,6,6,12,12,16,7,7,7","12:18,12:46","11,211,2112"
11,1847,0.355813,-0.541273,0.828444,0.362259,-0.439996,0.975785,30.2884,38.0214,-13.2731,-8.71126,-6.03017,0,0,-6.30057,"6","15,8,8,8,8,8,8,6,6,6,12,12,16,7,7,7","","11,211,2112,22"
11,932,-0.528292,-0.396647,0.840558,-1.54967,-0.90429,2.63562,34.2453,38.165,-2.36427,3.21683,0.14769,0,0,-4.30038,"6","15,8,8,8,8,8,8,6,6,6,12,12,16,7,7,7","12:18,12:47","11,211,2112,22,22"
11,3664,0.62049,-0.220899,0.833762,2.9328,-0.896562,5.12398,30.9011,38.3073,-0.179978,-0.38386,0.526244,0,0,-2.35843,"6","15,8,8,8,8,8,8,6,6,6,12,12,12,16,7,7,7","12:19,12:51","11,211,2112,2112,2112,2112,22,2112,22,22,2112,2112,22,2112,22,2112,2112,2112,2112,2112,2112,22,22"
11,3511,-0.0741466,-0.690508,0.888033,-0.528822,-0.203729,6.09417,5.31276,38.0268,1.05802,-0.0760455,24.0868,0,0,1.13897,"6","15,8,8,8,8,8,8,6,6,6,12,12,12,16,7,7,7","12:20,12:52","11,211,22,2112,22,22,22,22,22,22"
11,188,-0.00816481,0.641488,0.817184,0.631905,0.477625,1.05688,36.8505,38.1341,7.61646,0.0686396,0.188253,0,0,-6.32921,"6","15,8,8,8,8,8,8,6,6,6,12,12,16,7,7,7","12:43","11,211,2112,2112,22,22"
11,3489,0.416732,-0.600287,0.910342,0.738482,-0.617968,0.997055,44.0026,38.7551,3.43636,2.41158,-3.92221,0,0,-4.34108,"6","15,8,8,8,8,8,8,6,6,6,12,12,12,16,7,7,7","12:20,12:51","11,211,2112,2112,22"
11,4861,-0.210513,0.626022,0.827139,-0.264116,0.659602,0.956665,36.6013,38.6073,3.23711,1.06506,-1.13132,0,0,-3.70458,"6","15,8,8,8,8,8,8,6,6,6,12,12,16,7,7,7","12:17,12:45","11,211"
11,3469,-0.0157197,0.671263,0.857904,-0.04428,0.745472,1.06197,35.1153,38.0489,3.53037,0.059314,3.07767,0,0,-2.15772,"6","15,8,8,8,8,8,8,6,6,6,12,12,12,16,7,7,7","12:19,12:49","11,211"
11,4941,0.700208,0.208522,0.925746,0.739248,0.259199,0.983992,38.5239,38.2805,-0.531294,1.63438,-0.437483,0,0,-6.19138,"6","15,8,8,8,8,8,8,6,6,6,12,12,12,16,7,7,7","12:21,12:53","11,211,22,22"
11,131,-0.648912,-0.258437,0.868389,-0.688741,-0.30737,1.04325,35.8649,38.8112,-1.57525,4.01216,3.47303,0,0,-2.78134,"6","15,8,8,8,8,8,8,6,6,6,12,12,12,16,7,7,7","12:19,12:50","11,211"
11,2851,0.624771,0.215888,0.834173,0.647342,0.23313,0.886689,37.8103,38.3942,-0.218886,0.493843,-0.900969,0,0,-1.02142,"6","15,8,8,8,8,8,8,6,6,6,12,12,12,16,7,7,7","12:20,12:51","11,211,2112"
11,4162,0.161216,-0.709657,0.929262,0.183743,-0.44338,1.11134,23.3577,38.0658,0.34194,0.100226,4.01298,0,0,-0.612525,"6","15,8,8,8,8,8,8,6,6,6,12,12,12,16,7,7,7","12:54","11,211,2112,2112,2112"
11,3955,0.689382,0.256738,0.931251,0.690956,0.254012,0.940631,38.0478,38.3068,-0.115883,0.206603,-0.380886,0,0,-0.984201,"6","15,8,8,8,8,8,8,6,6,6,12,12,12,16,7,7,7","12:21,12:53","11,211"
11,120,0.541705,0.329288,0.79968,0.523757,0.31806,0.778369,38.2114,38.4052,0.321628,-0.574024,-1.65761,0,0,-2.09053,"6","15,8,8,8,8,8,8,6,6,6,12,12,12,16,7,7,7","12:50","11,211"
11,646,-0.694708,-0.250616,0.934119,-0.219746,-1.31118,2.22578,30.85,38.3305,4.94823,-13.6526,16.7867,0,0,-5.00064,"6","15,8,8,8,8,8,8,6,6,6,12,12,12,16,7,7,7","12:62,12:1","11,211,2112,2112"
11,2793,-0.71992,0.163514,0.930615,-1.04729,0.075526,1.44625,35.9804,38.4249,0.598806,2.437,-0.748329,0,0,-0.619258,"6","15,8,8,8,8,8,8,6,6,6,12,12,12,16,7,7,7","12:20,12:51","11,211,2112"
11,975,0.669889,0.2159,0.895297,0.701276,0.254783,0.971605,37.5218,38.172,-0.233516,0.612075,-3.87805,0,0,-2.67106,"6","15,8,8,8,8,8,8,6,6,6,12,12,12,16,7,7,7","12:20,12:52","11,211,22"
11,4239,-0.261955,-0.608724,0.823,-0.249012,-0.938148,1.33034,36.1149,38.8417,0.425345,-0.145674,5.45962,0,0,-7.01826,"6","15,8,8,8,8,8,8,6,6,6,12,12,16,7,7,7","12:18,12:48","11,211"
11,743,-0.557719,0.388029,0.847076,-0.545061,0.445956,0.921471,37.3895,38.7325,0.0200257,-0.0432879,-4.8978,0,0,-4.12259,"6","15,8,8,8,8,8,8,6,6,6,12,12,12,16,7,7,7","12:20,12:52","11,211,22"
11,372,0.652686,-0.0593841,0.828489,0.5217,-0.101045,0.83977,32.3251,38.346,-1.25144,-13.6322,7.03554,0,0,-2.58988,"6","15,8,8,8,8,8,8,6,6,6,12,12,16,7,7,7","12:13","11,211,2112,22,22"
11,2117,0.546134,-0.379416,0.845793,0.707133,-0.2626,1.61704,25.0082,38.1758,0.846733,1.26928,0.682148,0,0,-3.72494,"6","15,8,8,8,8,8,8,6,6,6,12,12,12,16,7,7,7","12:21,12:53","11,211,2112,2112"
11,2990,-0.227014,-0.647229,0.865735,-0.223608,-0.650662,0.880751,37.9957,38.3884,-0.0449657,0.0464359,-0.664977,0,0,-0.808466,"6","15,8,8,8,8,8,8,6,6,6,12,12,12,16,7,7,7","12:19,12:49","11,211"
11,715,-0.493965,0.476236,0.854175,-0.538152,0.474554,0.922858,37.8643,38.7746,-0.607673,-0.653412,-0.232339,0,0,-5.16473,"6","15,8,8,8,8,8,8,6,6,6,12,12,12,16,7,7,7","12:20,12:52","11,211,2112,2112,2112,22"
11,1662,-0.522359,0.535565,0.928896,-0.661231,0.537682,1.04899,39.0919,38.8476,-2.36888,-2.34592,-2.62013,0,0,-1.23889,"6","15,8,8,8,8,8,8,6,6,6,12,12,12,16,7,7,7","12:21,12:55","11,211,22,22"
11,3760,-0.640671,0.38004,0.921943,-0.71475,0.373061,1.19681,33.9669,38.9374,5.46456,9.14931,-0.741391,0,0,-3.66424,"6","15,8,8,8,8,8,8,6,6,6,12,12,16,7,7,7","12:18,12:46","11,211"
11,3832,-0.642175,-0.173456,0.837347,-0.815561,-0.305649,1.23471,35.1987,38.4636,-0.788663,2.99935,5.58213,0,0,-0.8518,"6","15,8,8,8,8,8,8,6,6,6,12,12,16,7,7,7","12:18,12:48","11,211"
11,4772,-0.621344,0.114377,0.787511,-0.676748,0.082316,0.985463,34.6752,38.7384,1.04618,5.57066,2.49429,0,0,-1.99958,"6","15,8,8,8,8,8,8,6,6,6,12,12,16,7,7,7","12:16,12:42","11,211,22"
11,4574,-0.540378,0.348946,0.807984,-0.942778,0.645842,1.67288,34.3377,38.5239,0.770126,1.15982,2.10712,0,0,-2.01124,"6","15,8,8,8,8,8,8,6,6,6,12,12,12,16,7,7,7","12:19,12:50","11,211,2112,2112,2112"
11,4964,0.471858,0.427912,0.80439,0.470144,0.379227,0.850699,35.3761,38.3755,1.13609,-1.28301,2.17427,0,0,-5.90494,"6","15,8,8,8,8,8,8,6,6,6,12,12,16,7,7,7","12:48","11,211,22"
11,4251,0.247039,0.606206,0.817813,0.236075,0.560074,0.854926,35.4103,38.6752,7.60267,-3.13903,-3.64626,0,0,-2.98626,"6","15,8,8,8,8,8,8,6,6,6,12,12,16,7,7,7","12:15,12:41","11,211"
11,2084,0.728696,-0.0797198,0.935192,0.737939,-0.080088,0.956231,37.8203,38.0909,-0.0751958,-0.414585,-0.531312,0,0,1.69746,"6","15,8,8,8,8,8,8,6,6,6,12,12,12,16,7,7,7","12:50","11,211"
11,2880,0.316648,-0.555365,0.813529,0.464598,-0.673264,1.1923,34.4531,38.1613,-3.52027,-1.97381,6.83546,0,0,-3.27229,"6","15,8,8,8,8,8,8,6,6,6,12,12,16,7,7,7","12:16,12:41","11,211"
11,818,0.575167,-0.232816,0.79278,4.00635,-0.125025,4.16712,43.8871,38.0499,-3.92167,-9.65582,-21.7927,0,0,-4.11088,"6","15,8,8,8,8,8,8,6,6,6,12,12,16,7,7,7","12:28","11,211,2112,2112,22"
11,4838,-0.523903,0.447533,0.853907,-0.54673,0.453298,0.921973,37.6075,38.9005,-0.0498822,-0.10965,-1.98223,0,0,-4.09542,"6","15,8,8,8,8,8,8,6,6,6,12,12,12,16,7,7,7","12:20,12:53","11,211,2112,22"
11,3082,-0.0696024,0.716058,0.892742,-0.015696,0.677461,1.1141,31.3097,38.8643,23.1796,2.23446,8.07094,0,0,-8.79435,"6","15,8,8,8,8,8,8,6,6,6,12,12,16,7,7,7","12:13,12:34","11,211"
11,4455,-0.200401,0.614563,0.80253,-0.761092,0.609359,1.20129,39.0632,38.8503,-11.4471,-3.76429,-1.02603,0,0,-5.15554,"6","15,8,8,8,8,8,8,6,6,6,12,12,12,16,7,7,7","12:60","11,211,22"
11,3348,0.210785,-0.602237,0.800611,0.266288,-0.549672,0.841723,35.9657,38.5536,1.26678,0.489723,0.921084,0,0,-4.78106,"6","15,8,8,8,8,8,8,6,6,6,12,12,12,16,7,7,7","12:19,12:49","11,211"
11,4388,0.560698,0.340236,0.836501,0.563501,0.349739,0.843149,38.1882,38.098,0.177077,-0.374472,-0.674084,0,0,0.625575,"6","15,8,8,8,8,8,8,6,6,6,12,12,12,16,7,7,7","12:20,12:51","11,211"
11,3554,0.118908,-0.711222,0.909416,0.254566,-0.669068,0.988474,35.9123,38.4116,2.43889,0.442679,-0.668036,0,0,-4.81003,"6","15,8,8,8,8,8,8,6,6,6,12,12,12,16,7,7,7","12:22,12:56","11,211,22"
11,2118,-0.641764,0.260255,0.866041,-2.09746,0.32792,3.20941,33.4836,38.6475,1.52801,3.70476,15.6166,0,0,-5.39171,"6","15,8,8,8,8,8,8,6,6,6,12,12,12,16,7,7,7","12:50","11,211,2112,22,22,22,22,22,2112"
11,2371,-0.651886,-0.0989444,0.831159,-0.940142,-0.292502,1.40522,35.0177,38.4247,-0.408807,2.82329,5.34365,0,0,1.70862,"6","15,8,8,8,8,8,8,6,6,6,12,12,16,7,7,7","12:17,12:46","11,211"
11,4631,-0.703309,-0.0839879,0.903133,-0.642769,0.076287,0.979092,33.4688,38.1062,-0.414595,3.64368,1.58665,0,0,-6.81697,"6","15,8,8,8,8,8,8,6,6,6,12,12,16,7,7,7","12:17,12:45","11,211"
11,3916,0.510489,0.358043,0.785441,0.489565,0.334143,0.839583,35.2213,38.4448,3.7615,-5.40454,1.44218,0,0,-5.09168,"6","15,8,8,8,8,8,8,6,6,6,12,12,16,7,7,7","12:17,12:44","11,211,2112,2112,2112"
11,3510,-0.207953,-0.62173,0.827288,-0.223449,-0.620112,0.823278,38.6819,38.3951,0.251205,-0.0659049,-0.288002,0,0,-6.99601,"6","15,8,8,8,8,8,8,6,6,6,12,12,12,16,7,7,7","12:19,12:49","11,211,2112"
11,813,0.521012,0.34457,0.78752,0.259359,1.01896,1.60208,33.2771,38.4208,-4.84688,7.25191,7.86953,0,0,-4.51571,"6","15,8,8,8,8,8,8,6,6,6,12,12,12,16,7,7,7","12:61","11,211,22,2112"
11,3823,-0.509195,0.49249,0.895963,-0.562496,0.500711,0.956008,38.2283,38.3318,-0.0100805,-0.0666852,-1.74339,0,0,-4.94353,"6","15,8,8,8,8,8,8,6,6,6,12,12,12,16,7,7,7","12:20,12:51","11,211"
11,4195,-0.494873,0.433319,0.840298,-0.526552,0.438282,0.856333,38.6608,38.0533,0.0328526,-0.00602419,-2.30828,0,0,-2.40533,"6","15,8,8,8,8,8,8,6,6,6,12,12,12,16,7,7,7","12:19,12:50","11,211,2112"
11,862,-0.0608033,0.631754,0.789578,0.063547,0.582735,0.824783,35.4022,38.7928,3.97742,0.351865,-3.12987,0,0,-4.08196,"6","15,8,8,8,8,8,8,6,6,6,12,12,16,7,7,7","12:18,12:46","11,211"
11,2008,-0.516934,0.447665,0.844764,-0.545184,0.461726,0.919028,37.8608,38.9899,0.56404,0.626533,-2.7656,0,0,-2.17945,"6","15,8,8,8,8,8,8,6,6,6,12,12,12,16,7,7,7","12:20,12:52","11,211,2112,22"
11,3551,0.714948,0.184698,0.919089,0.982346,0.390869,1.38013,37.454,38.7793,-0.319118,1.15502,3.38017,0,0,0.285738,"6","15,8,8,8,8,8,8,6,6,6,12,12,12,16,7,7,7","12:21,12:53","11,211"
11,3391,-0.495957,0.502099,0.891999,-0.697073,0.57976,1.21461,36.74,38.3509,-0.414988,-0.455312,-0.807345,0,0,-1.63692,"6","15,8,8,8,8,8,8,6,6,6,12,12,12,16,7,7,7","12:20,12:51","11,211"
11,17,-0.18975,0.633241,0.842196,-0.853633,1.6869,3.1933,30.6276,38.1292,8.84512,2.62132,19.9344,0,0,-6.5863,"6","15,8,8,8,8,8,8,6,6,6,12,12,16,7,7,7","12:17,12:45","11,211,2112,2112"
11,3111,-0.539344,0.413593,0.865815,-0.54563,0.415213,0.86652,38.3534,38.1321,-0.0908433,-0.155268,-1.21166,0,0,2.56425,"6","15,8,8,8,8,8,8,6,6,6,12,12,12,16,7,7,7","12:20,12:52","11,211"
11,950,-0.405441,0.57119,0.872968,-0.59544,0.624712,1.06504,39.0187,38.7431,-1.96299,-1.42762,-6.82028,0,0,-2.53032,"6","15,8,8,8,8,8,8,6,6,6,12,12,12,16,7,7,7","12:19,12:50","11,211,22"
11,3522,-0.487316,0.437726,0.819523,-0.514653,0.441174,0.861337,38.2025,38.6353,0.632624,0.636472,-0.683853,0,0,-7.0489,"6","15,8,8,8,8,8,8,6,6,6,12,12,12,16,7,7,7","12:19,12:50","11,211,2112"
11,4682,-0.725234,0.0460654,0.927324,-0.695515,0.072521,1.01162,34.6542,38.0839,0.519229,7.72181,6.21349,0,0,-1.86335,"6","15,8,8,8,8,8,8,6,6,6,12,12,16,7,7,7","12:17,12:44","11,211,22,2112"
11,1333,-0.532372,0.465661,0.901718,-0.567143,0.479789,0.936196,38.4318,38.11,-0.681384,-0.849138,-0.935379,0,0,-2.59943,"6","15,8,8,8,8,8,8,6,6,6,12,12,12,16,7,7,7","12:20,12:53","11,211,22"
11,1145,-0.522377,0.462969,0.888704,-0.590096,0.479763,0.938945,39.0064,38.147,-0.704259,-0.843199,-3.46641,0,0,-3.60824,"6","15,8,8,8,8,8,8,6,6,6,12,12,12,16,7,7,7","12:20,12:52","11,211,22"
11,928,0.698347,0.219656,0.904247,0.755045,0.266779,1.02236,38.0708,38.9936,0.0970919,-0.372744,-2.52164,0,0,0.625452,"6","15,8,8,8,8,8,8,6,6,6,12,12,12,16,7,7,7","12:21,12:53","11,211,22"
11,1685,-0.477555,0.43013,0.821949,-0.510598,0.435679,0.861066,37.9369,38.0229,-0.196162,-0.242528,-2.32708,0,0,-1.27841,"6","15,8,8,8,8,8,8,6,6,6,12,12,12,16,7,7,7","12:19,12:50","11,211"
11,1112,0.552373,-0.311418,0.803822,0.564426,-0.311753,0.811255,38.4783,38.2689,0.0434756,0.162762,-1.23621,0,0,-3.40843,"6","15,8,8,8,8,8,8,6,6,6,12,12,12,16,7,7,7","12:20,12:51","11,211,2112"
11,1619,0.729692,-0.0776413,0.937925,0.739543,-0.077776,0.943089,38.2556,38.0388,0.00635602,0.331615,-0.819408,0,0,-6.36726,"6","15,8,8,8,8,8,8,6,6,6,12,12,12,16,7,7,7","12:19,12:50","11,211,2112,2112,2112"
11,3120,-0.507612,0.466001,0.872511,-0.585129,0.502826,0.980487,38.1975,38.3004,0.0966609,0.056706,-5.26772,0,0,1.42305,"6","15,8,8,8,8,8,8,6,6,6,12,12,12,16,7,7,7","12:20,12:51","11,211,22"
11,1728,0.238617,0.698374,0.926183,0.22783,0.693,0.957808,37.2938,38.549,2.05169,-0.736624,-0.617797,0,0,-5.89488,"6","15,8,8,8,8,8,8,6,6,6,12,12,12,16,7,7,7","12:19,12:49","11,211,2112"
11,3091,-0.0307094,0.64816,0.816586,-0.909788,0.339087,1.71255,29.5509,38.4718,-11.681,-0.597984,12.4625,0,0,-3.70116,"6","15,8,8,8,8,8,8,6,6,6,12,12,12,16,7,7,7","12:2","11,211,2112,2112,2112,2112,2112,2112,2112"
11,2781,0.154497,0.679121,0.885119,-0.277748,3.74043,5.67632,33.4554,38.1981,3.02566,-0.72865,13.7501,0,0,-1.9858,"6","15,8,8,8,8,8,8,6,6,6,12,12,16,7,7,7","12:18,12:48","11,211,2112"
11,3598,0.0324641,-0.670242,0.829371,0.858803,-1.40274,1.76765,42.9374,38.9756,8.24849,0.445376,-1.52148,0,0,-1.00346,"6","15,8,8,8,8,8,8,6,6,6,12,12,12,16,7,7,7","12:61","11,211,22"
11,1076,0.623283,0.396352,0.934632,0.62713,0.399991,0.966392,37.5855,38.319,0.497723,-0.823235,-0.232831,0,0,-1.87809,"6","15,8,8,8,8,8,8,6,6,6,12,12,12,16,7,7,7","12:21,12:54","11,211,22"
11,3111,0.154468,-0.708908,0.915781,0.127478,-0.663957,1.05609,32.6265,38.3886,-11.9792,-2.59091,7.57661,0,0,-6.17037,"6","15,8,8,8,8,8,8,6,6,6,12,12,16,7,7,7","12:17,12:44","11,211,22"
11,2511,-0.44062,0.602659,0.923204,-2.72337,1.94635,3.86712,40.8795,38.961,-1.47131,-1.1296,-5.14063,0,0,-3.52045,"6","15,8,8,8,8,8,8,6,6,6,12,12,12,16,7,7,7","12:20","11,211,22,22,22"
11,4129,-0.531266,0.368616,0.819195,-0.411805,0.289417,0.948571,27.9515,38.2854,-0.0823103,-0.145908,6.8351,0,0,-3.97915,"6","15,8,8,8,8,8,8,6,6,6,12,12,12,16,7,7,7","12:20,12:52","11,211,22"
11,246,-0.224623,-0.605096,0.822202,-0.214614,-0.644158,0.871918,37.9081,38.1326,0.401911,-0.112285,-3.88014,0,0,-3.71618,"6","15,8,8,8,8,8,8,6,6,6,12,12,16,7,7,7","12:18,12:48","11,211,22"
11,3162,-0.663419,-0.171702,0.853434,-1.23123,0.796584,3.09269,25.3687,38.7633,-2.62843,10.2061,12.0964,0,0,-4.29918,"6","15,8,8,8,8,8,8,6,6,6,12,12,16,7,7,7","12:16,12:42","11,211,2112,2112,2112"
11,9,0.687371,0.159764,0.900859,1.05995,0.425673,1.43488,38.5213,38.0736,-1.58589,6.68274,5.51756,0,0,-3.65018,"6","15,8,8,8,8,8,8,6,6,6,12,12,12,16,7,7,7","12:21,12:55","11,211"
11,2449,-0.430133,0.555558,0.892573,-1.27566,0.365827,1.98681,33.7406,38.2088,22.2514,17.199,-48.0828,0,0,-3.10905,"6","15,8,8,8,8,8,8,6,6,6,12,12,16,7,7,7","12:14,12:37","11,211,22"
11,4505,0.617653,0.0636492,0.79318,0.634673,0.109963,0.934207,34.586,38.0549,0.541771,-5.39023,-2.48283,0,0,-1.31449,"6","15,8,8,8,8,8,8,6,6,6,12,12,16,7,7,7","12:15,12:41","11,211"
11,2785,-0.468198,0.454795,0.81817,-0.454582,0.366878,0.880009,33.5767,38.5823,-1.51775,-1.60271,3.12474,0,0,-1.42322,"6","15,8,8,8,8,8,8,6,6,6,12,12,12,16,7,7,7","12:20,12:53","11,211"
11,1439,0.65657,0.257887,0.88959,0.710893,0.196971,0.959169,37.5631,38.4126,0.0599705,-0.208226,-1.14282,0,0,-7.93142,"6","15,8,8,8,8,8,8,6,6,6,12,12,12,16,7,7,7","12:20,12:53","11,211,22"
11,4797,-0.479105,0.433512,0.810652,-0.261661,0.411743,0.945613,27.2897,38.5563,2.07087,2.2632,6.64961,0,0,-4.45306,"6","15,8,8,8,8,8,8,6,6,6,12,12,16,7,7,7","12:18,12:48","11,211,22"
11,3359,-0.502947,-0.459211,0.86332,-1.80834,-1.31366,4.35643,27.1607,38.269,-2.64502,2.95486,5.70741,0,0,-0.265946,"6","15,8,8,8,8,8,8,6,6,6,12,12,12,16,7,7,7","12:19,12:49","11,211,2112,22,2112,2112,22,22"
11,3357,-0.138055,0.718554,0.922803,0.841052,2.38313,4.58081,28.8851,38.4111,7.91298,1.4978,9.80685,0,0,-0.989162,"6","15,8,8,8,8,8,8,6,6,6,12,12,16,7,7,7","12:19,12:48","11,211,2112,2112,2112"
11,2713,0.236596,0.684966,0.915772,0.230253,0.738575,0.994126,37.8902,38.3556,0.0896963,-0.0511004,-2.60311,0,0,-3.09407,"6","15,8,8,8,8,8,8,6,6,6,12,12,12,16,7,7,7","12:19,12:50","11,211,22"
11,2304,0.665745,-0.00732475,0.831868,1.05696,0.562601,2.2586,27.9297,38.672,-0.240428,-19.7005,-19.784,0,0,0.418599,"6","15,8,8,8,8,8,8,6,6,6,12,12,16,7,7,7","12:28","11,211,22"
11,2943,0.633376,-0.310535,0.880797,1.08443,-0.398641,2.57872,24.1345,38.6902,1.26137,2.66452,35.5912,0,0,-1.98968,"6","15,8,6,6,6,12,12,12,16,7,7,7","12:22,12:56","11,211,2112,2112,2112,22,22,2112"
11,408,0.550625,-0.344056,0.826125,0.549092,-0.34547,0.835821,37.8172,38.1649,-0.246478,-0.32219,-0.226277,0,0,-2.47314,"6","15,8,8,8,8,8,8,6,6,6,12,12,12,16,7,7,7","12:20,12:51","11,211"
11,3752,-0.626394,-0.113415,0.801584,-0.508203,0.458511,1.03358,33.5139,38.4549,-0.955299,5.38397,-0.434306,0,0,-2.79313,"6","15,8,8,8,8,8,8,6,6,6,12,12,16,7,7,7","12:16,12:43","11,211,2112"
11,2866,-0.651519,-0.0626343,0.827562,-2.36449,-1.19458,4.2799,31.7562,38.3406,0.44577,-4.31364,5.00739,0,0,-0.40491,"6","15,8,8,8,8,8,8,6,6,6,12,12,12,16,7,7,7","12:19,12:49","11,211,2112,2112,2112,2112"
11,713,0.700932,0.0820441,0.881666,0.653684,0.071756,0.92858,35.3057,38.675,0.966657,-8.37279,0.0274683,0,0,-4.23334,"6","15,8,8,8,8,8,8,6,6,6,12,12,16,7,7,7","12:16,12:42","11,211,2112"
11,1533,0.133663,-0.62845,0.804644,0.259421,-0.538367,0.875044,34.3311,38.6073,4.80794,1.04809,4.39706,0,0,-6.11036,"6","15,8,8,8,8,8,8,6,6,6,12,12,12,16,7,7,7","12:22,12:56","11,211,22"
11,1847,0.657724,0.349719,0.938187,0.864415,0.703434,4.73998,13.2311,38.4495,-0.324304,0.519545,10.9604,0,0,-2.91789,"6","15,8,8,8,8,8,8,6,6,6,12,12,12,16,7,7,7","12:22,12:56","11,211,2112,22,2112,2112,22,22,2112"
11,4812,-0.363016,0.583494,0.872229,0.176263,2.89521,6.0516,25.6087,38.2335,7.82714,4.83999,9.59848,0,0,-3.51086,"6","15,8,8,8,8,8,8,6,6,6,12,12,16,7,7,7","12:15,12:40","11,211,2112,2112,2112,2112,22,22,22,2112,22,2112"
11,1371,-0.435231,0.453101,0.788131,-0.548156,0.454956,0.883088,38.8921,38.5607,-1.72425,-1.68763,-4.33994,0,0,-1.94825,"6","15,8,8,8,8,8,8,6,6,6,12,12,12,16,7,7,7","12:20,12:51","11,211,2112,22"
11,2594,0.630908,-0.169372,0.818168,0.640831,0.211129,0.994674,34.1501,38.6048,2.69394,10.1402,8.0998,0,0,-3.17593,"6","15,8,8,8,8,8,8,6,6,6,12,12,12,16,7,7,7","12:1","11,211"
11,2191,-0.226593,-0.639917,0.8666,-0.219033,-0.679943,0.927184,37.6126,38.0734,0.905696,-0.288911,-3.5209,0,0,-6.22676,"6","15,8,8,8,8,8,8,6,6,6,12,12,12,16,7,7,7","12:19,12:49","11,211,22"
11,1483,0.702556,0.258817,0.928212,0.740291,0.283107,0.991485,38.6383,38.8903,0.176643,-0.535995,-3.12915,0,0,-2.14933,"6","15,8,8,8,8,8,8,6,6,6,12,12,12,16,7,7,7","12:21,12:54","11,211,22,22"
11,3917,-0.555649,0.441839,0.900056,-0.546563,0.438743,0.90916,37.6288,38.2641,0.57931,0.689677,-1.23411,0,0,-4.94363,"6","15,8,8,8,8,8,8,6,6,6,12,12,12,16,7,7,7","12:20,12:52","11,211"
11,358,0.671655,0.0867983,0.852306,0.728204,0.148309,0.997197,36.695,38.4706,0.365683,-2.95005,-2.55753,0,0,-5.53382,"6","15,8,8,8,8,8,8,6,6,6,12,12,16,7,7,7","12:17,12:46","11,211"
11,54,-0.521109,0.50384,0.902773,-0.751724,0.598031,1.35876,35.2587,38.7615,3.499,3.56272,2.92412,0,0,-2.53825,"6","15,8,8,8,8,8,8,6,6,6,12,12,16,7,7,7","12:19,12:48","11,211"
11,1743,0.254976,-0.658245,0.873509,-0.034286,-0.811219,1.16511,34.8718,38.9425,-3.28221,-1.24476,-0.0981387,0,0,-6.43661,"6","15,8,8,8,8,8,8,6,6,6,12,12,16,7,7,7","12:18,12:48","11,211,2112,2112"
11,2422,0.156411,0.615921,0.793768,1.25938,3.61455,4.39629,41.0447,38.6799,5.8205,-1.51938,-7.63687,0,0,-4.86454,"6","15,8,8,8,8,8,8,6,6,6,12,12,16,7,7,7","12:43","11,211,2112,2112,22"
11,3182,-0.474721,0.419548,0.803306,-0.562913,0.465626,0.930123,38.1466,38.2619,0.628504,0.643299,-5.63374,0,0,-4.40284,"6","15,8,8,8,8,8,8,6,6,6,12,12,16,7,7,7","12:18,12:48","11,211,2112,22"
11,419,0.689954,0.252001,0.924597,0.700019,0.253535,0.948008,38.1443,38.4649,0.100674,-0.372388,-0.44099,0,0,-2.60494,"6","15,8,8,8,8,8,8,6,6,6,12,12,12,16,7,7,7","12:21,12:53","11,211,22"
11,4003,0.667682,0.238659,0.893066,0.670691,0.243809,0.904051,38.2865,38.448,-0.119994,0.217288,-0.614277,0,0,0.334245,"6","15,8,8,8,8,8,8,6,6,6,12,12,12,16,7,7,7","12:20,12:53","11,211,22,22"
11,1964,-0.514787,0.45624,0.867491,-0.561708,0.471766,0.922743,38.4831,38.4122,-0.384425,-0.468316,-1.86822,0,0,-6.94249,"6","15,8,8,8,8,8,8,6,6,6,12,12,12,16,7,7,7","12:20,12:52","11,211,2112,22"
11,4813,0.286453,0.589146,0.81215,1.36614,2.299,3.0886,40.8878,38.8903,9.04967,-4.43758,-7.39894,0,0,-1.66697,"6","15,8,8,8,8,8,8,6,6,6,12,12,16,7,7,7","12:14,12:38","11,211,22"
11,3589,0.60935,0.167754,0.790206,0.467962,0.079723,0.921572,27.2531,38.6534,0.212925,-0.945352,1.41141,0,0,-4.4231,"6","15,8,8,8,8,8,8,6,6,6,12,12,12,16,7,7,7","12:49","11,211,2112"
11,2324,0.568791,0.287791,0.792379,0.674646,0.423662,1.08046,36.402,38.816,0.653955,-1.34993,5.21801,0,0,-3.68992,"6","15,8,8,8,8,8,8,6,6,6,12,12,12,16,7,7,7","12:20,12:51","11,211,22"
11,773,0.606582,0.362794,0.879123,0.741514,1.37403,1.71827,42.2606,38.7985,-3.71102,6.14335,0.565437,0,0,-3.05471,"6","15,8,8,8,8,8,8,6,6,6,12,12,12,16,7,7,7","12:61","11,211"
11,822,0.160227,-0.627248,0.817181,0.387212,-0.858823,1.36746,34.5639,38.387,-3.07426,-0.741569,1.79923,0,0,0.044729,"6","15,8,8,8,8,8,8,6,6,6,12,12,16,7,7,7","12:18,12:47","11,211"
11,3068,-0.0968641,-0.710345,0.897763,-0.003156,-2.62753,4.2573,31.6822,38.6095,1.22891,-0.144241,5.04962,0,0,-4.87891,"6","15,8,8,8,8,8,8,6,6,6,12,12,12,16,7,7,7","12:55","11,211,2112,22"
11,330,0.664405,-0.300646,0.917112,0.795018,0.266492,1.63203,27.1929,38.4907,4.00495,8.96078,12.8091,0,0,-4.36376,"6","15,8,8,8,8,8,8,6,6,6,12,12,12,16,7,7,7","12:1","11,211,2112"
11,1829,-0.209705,-0.602885,0.803596,-0.212362,-0.636083,0.857765,38.0181,38.4609,-0.0484751,0.0344602,-1.93668,0,0,2.59967,"6","15,8,8,8,8,8,8,6,6,6,12,12,16,7,7,7","12:18,12:48","11,211,22"
11,1565,0.673366,0.196999,0.893319,0.75334,0.281428,0.971908,39.6056,38.1453,-0.562823,1.78613,-3.2535,0,0,-0.642044,"6","15,8,8,8,8,8,8,6,6,6,12,12,12,16,7,7,7","12:20,12:53","11,211,22"
11,1117,0.672795,0.213748,0.872909,0.723815,0.260209,0.944579,39.1558,38.9629,0.0143591,-0.197139,-4.69087,0,0,-1.46836,"6","15,8,8,8,8,8,8,6,6,6,12,12,12,16,7,7,7","12:20,12:52","11,211,2112,2112,22"
11,2,-0.515535,0.515942,0.915371,-0.767636,0.594537,1.20924,38.7624,38.5477,-4.17301,-4.19746,0.300116,0,0,-1.23334,"6","15,8,8,8,8,8,8,6,6,6,12,12,12,16,7,7,7","12:22,12:57","11,211,22"
11,297,-0.488982,0.420211,0.820753,-0.529044,0.435524,0.839997,39.2068,38.151,-0.370305,-0.498517,-2.00724,0,0,-4.73568,"6","15,8,8,8,8,8,8,6,6,6,12,12,12,16,7,7,7","12:19,12:51","11,211,22"
11,332,-0.212273,-0.671506,0.894565,-0.210987,-0.667357,0.890532,38.1656,38.212,0.135455,-0.00291322,-1.1621,0,0,-3.77962,"6","15,8,8,8,8,8,8,6,6,6,12,12,12,16,7,7,7","12:19,12:50","11,211"
11,3324,-0.518953,0.477165,0.888787,-0.579224,0.487918,0.96997,37.9823,38.4213,-0.111204,-0.158189,-2.83674,0,0,-5.69332,"6","15,8,8,8,8,8,8,6,6,6,12,12,12,16,7,7,7","12:19,12:52","11,211,22,22,22,22"
11,2564,-0.498407,0.535083,0.929679,-0.645693,0.544257,1.00159,40.1354,38.1872,-2.96287,-2.78898,-3.01239,0,0,-5.89377,"6","15,8,8,8,8,8,8,6,6,6,12,12,12,16,7,7,7","12:21,12:54","11,211,22"
11,3740,0.657857,0.215723,0.877641,0.65854,0.226253,0.904669,37.5854,38.268,0.364978,-1.20615,-0.384514,0,0,1.54276,"6","15,8,8,8,8,8,8,6,6,6,12,12,12,16,7,7,7","12:50","11,211,2112,22"
11,4081,0.61737,0.386003,0.906232,0.835854,0.741133,1.574,35.3643,38.7801,2.04951,-3.3275,2.56564,0,0,-5.38818,"6","15,8,8,8,8,8,8,6,6,6,12,12,12,16,7,7,7","12:20,12:52","11,211"
11,3703,0.22562,0.606999,0.81639,0.217076,0.644583,0.871195,37.9796,38.422,-0.741142,0.228884,-2.54297,0,0,-2.5629,"6","15,8,8,8,8,8,8,6,6,6,12,12,12,16,7,7,7","12:19,12:49","11,211,22"
11,2799,-0.44254,0.57978,0.915668,-0.748214,0.644482,1.13791,40.9524,38.539,-3.99975,-3.11484,-8.09808,0,0,-3.33839,"6","15,8,8,8,8,8,8,6,6,6,12,12,12,16,7,7,7","12:20,12:53","11,211,2112,22"
11,155,-0.488618,0.424546,0.812327,-0.59066,0.480956,0.908479,39.9779,38.5491,-3.32204,-3.88456,-0.426696,0,0,-3.16487,"6","15,8,8,8,8,8,8,6,6,6,12,12,12,16,7,7,7","12:21,12:55","11,211,22"
11,4187,-0.546794,-0.345192,0.8226,-0.559365,-0.359393,0.865825,37.5208,38.1706,-0.721708,1.19703,-0.228796,0,0,-3.83303,"6","15,8,8,8,8,8,8,6,6,6,12,12,12,16,7,7,7","12:19,12:50","11,211"
11,4197,0.657351,0.190496,0.851815,0.685456,0.238758,0.911801,38.5219,38.7804,-0.282188,0.826138,-3.377,0,0,-2.35217,"6","15,8,8,8,8,8,8,6,6,6,12,12,12,16,7,7,7","12:52","11,211,2112,22,22,22"
11,4215,-0.667785,0.197072,0.862203,-2.43317,0.110203,2.54644,43.7263,38.922,1.05519,3.44116,-14.0137,0,0,-3.67772,"6","15,8,8,8,8,8,8,6,6,6,12,12,16,7,7,7","12:17,12:44","11,211,2112,2112,22"
11,1430,-0.494538,0.389242,0.785702,-0.496766,0.399693,0.79141,38.8566,38.6947,0.267272,0.310834,-0.276367,0,0,-1.29515,"6","15,8,8,8,8,8,8,6,6,6,12,12,12,16,7,7,7","12:19,12:50","11,211"
11,1884,-0.503843,0.532037,0.913989,-0.642773,0.53033,1.00768,39.5893,38.7193,-1.62608,-1.56811,-2.64596,0,0,0.698728,"6","15,8,8,8,8,8,8,6,6,6,12,12,12,16,7,7,7","12:21,12:54","11,211,22"
11,1476,0.667825,0.176015,0.869243,0.723518,0.267861,0.956007,38.904,38.4678,-0.828524,3.02541,-4.45014,0,0,3.97892,"6","15,8,8,8,8,8,8,6,6,6,12,12,12,16,7,7,7","12:21,12:53","11,211,2112,22"
11,2443,0.690055,0.241645,0.93185,0.668282,0.23386,0.957628,36.4773,38.1182,0.929874,-2.7819,-2.39884,0,0,0.905342,"6","15,8,8,8,8,8,8,6,6,6,12,12,12,16,7,7,7","12:50","11,211,2112,2112"
11,489,-0.158571,-0.671562,0.871578,-0.082417,-0.547486,1.01769,28.5476,38.3687,2.40193,-0.528222,5.66259,0,0,-7.65907,"6","15,8,8,8,8,8,8,6,6,6,12,12,12,16,7,7,7","12:20,12:53","11,211,2112"
11,2745,0.136521,0.652485,0.851213,0.092866,0.56775,0.883941,33.0573,38.0657,10.7256,-2.26135,-4.19948,0,0,-2.31645,"6","15,8,8,8,8,8,8,6,6,6,12,12,16,7,7,7","12:15,12:40","11,211"
11,1249,-0.555105,0.300093,0.791754,-2.16051,0.593619,2.86522,38.0251,38.5549,-0.731997,-1.40108,-0.37766,0,0,-4.75991,"6","15,8,8,8,8,8,8,6,6,6,12,12,12,16,7,7,7","12:20,12:52","11,211,2112,2112,2112"
11,3137,-0.495709,0.436756,0.821559,-0.530568,0.441025,0.875989,38.2241,38.805,0.0856614,0.0436318,-2.10604,0,0,0.251028,"6","15,8,8,8,8,8,8,6,6,6,12,12,12,16,7,7,7","12:20,12:51","11,211,22"
11,1476,-0.475206,-0.403086,0.795778,-0.593809,-0.123838,0.91063,33.6682,38.0628,-1.71958,2.0854,0.710249,0,0,-4.7285,"6","15,8,8,8,8,8,8,6,6,6,12,12,16,7,7,7","12:18,12:46","11,211,2112,2112"
11,2147,0.126566,0.711155,0.913357,0.040107,0.724539,0.997371,36.0382,38.3387,-1.12675,0.159509,-1.91085,0,0,-1.65041,"6","15,8,8,8,8,8,8,6,6,6,12,12,12,16,7,7,7","12:21,12:54","11,211,22,22"
11,962,-0.283251,0.619996,0.845562,-1.48703,0.661637,3.83557,22.9935,38.8734,-6.06934,-2.82424,10.6795,0,0,-1.29129,"6","15,8,8,8,8,8,8,6,6,6,12,12,12,16,7,7,7","12:22,12:58","11,211,22,22,22"
11,2680,-0.598413,-0.261712,0.833182,-0.877731,-0.612012,1.47988,35.8689,38.0933,0.10831,-0.138934,3.59497,0,0,-4.51396,"6","15,8,8,8,8,8,8,6,6,6,12,12,12,16,7,7,7","12:20,12:52","11,211,22"
11,996,-0.19488,0.616201,0.805463,-0.724952,0.348992,1.10642,36.0244,38.7427,-4.98175,-1.61717,0.183197,0,0,-5.12811,"6","15,8,8,8,8,8,8,6,6,6,12,12,12,16,7,7,7","12:21,12:54","11,211,2112"
11,3462,0.628481,0.169113,0.803851,0.709516,0.272778,0.918772,39.6026,38.9953,-0.893184,3.24672,-4.02569,0,0,-1.78242,"6","15,8,8,8,8,8,8,6,6,6,12,12,12,16,7,7,7","12:21,12:53","11,211,22"
11,1786,0.665758,0.118997,0.854418,0.52079,-0.097536,0.999565,27.927,38.3631,0.813915,-4.74246,6.29118,0,0,-7.51529,"6","15,8,8,8,8,8,8,6,6,6,12,12,16,7,7,7","12:17,12:45","11,211,2112,22,22"
11,667,-0.20548,-0.621947,0.81028,-0.207104,-0.627158,0.834219,38.3694,38.9513,-0.657771,0.234104,-1.27272,0,0,0.463572,"6","15,8,8,8,8,8,8,6,6,6,12,12,12,16,7,7,7","12:19,12:49","11,211,22,22,22"
11,1593,-0.146126,0.659721,0.862886,0.74977,2.17076,1.69704,53.5379,38.0639,5.55806,1.19016,-5.98216,0,0,0.463671,"6","15,8,8,8,8,8,8,6,6,6,12,12,16,7,7,7","12:17,12:44","11,211,2112,2112,2112,2112,2112,2112,22"
11,3749,-0.00437844,0.694058,0.863176,0.026954,0.569911,0.846729,33.9731,38.8024,12.4989,0.0589196,-2.00141,0,0,-0.029343,"6","15,8,8,8,8,8,8,6,6,6,12,12,16,7,7,7","","11,211,22"
11,4682,-0.503268,0.48597,0.873584,-0.571908,0.494412,0.96342,38.1211,38.6893,-1.08606,-1.19441,-2.28681,0,0,-2.92328,"6","15,8,8,8,8,8,8,6,6,6,12,12,12,16,7,7,7","12:21,12:53","11,211,2112,22"
11,3704,-0.532411,0.429475,0.857971,-1.77025,0.326986,3.03332,30.688,38.5645,-1.27982,-1.64887,4.93671,0,0,-1.83253,"6","15,8,8,8,8,8,8,6,6,6,12,12,12,16,7,7,7","12:21,12:55","11,211,2112,2112,22"
11,385,-0.529135,0.463787,0.900435,-0.529912,0.470526,0.911675,37.8586,38.0049,0.338562,0.341765,-1.20132,0,0,-9.02037,"6","15,8,8,8,8,8,8,6,6,6,12,12,12,16,7,7,7","12:20,12:51","11,211"
11,2180,0.676713,-0.0738554,0.849199,1.05663,0.442739,1.15261,44.8263,38.7162,0.59375,5.81006,-1.28226,0,0,-4.0638,"6","15,8,8,8,8,8,8,6,6,6,12,12,12,16,7,7,7","12:21,12:53","11,211,2112,2112,2112,22"
11,3196,0.256134,0.60576,0.826045,0.302566,0.526642,0.865585,35.0568,38.5263,1.14548,-0.533565,1.41281,0,0,-4.91118,"6","15,8,8,8,8,8,8,6,6,6,12,12,16,7,7,7","12:18,12:47","11,211"
11,4546,-0.529117,0.460864,0.881546,-0.590977,0.470888,0.946619,38.5986,38.5187,-1.13146,-1.33909,-2.24377,0,0,-3.79967,"6","15,8,8,8,8,8,8,6,6,6,12,12,12,16,7,7,7","12:21,12:54","11,211,22,2112,22"
11,4977,-0.518712,0.525236,0.923399,-0.743376,0.619724,1.35486,35.5393,38.64,1.98521,1.90874,2.96541,0,0,-1.46538,"6","15,8,8,8,8,8,8,6,6,6,12,12,12,16,7,7,7","12:19,12:50","11,211"
11,1900,-0.528118,0.481327,0.907195,-0.545754,0.48427,0.92766,38.1861,38.2257,-0.0436421,-0.11068,-0.860361,0,0,-1.63254,"6","15,8,8,8,8,8,8,6,6,6,12,12,12,16,7,7,7","12:20,12:52","11,211"
11,4511,0.63451,0.362257,0.928176,0.755794,0.275629,0.943065,40.466,38.209,2.94044,-5.20518,-5.34951,0,0,-1.23349,"6","15,8,8,8,8,8,8,6,6,6,12,12,16,7,7,7","12:48","11,211,22"
11,2106,0.253983,0.588955,0.81622,0.201892,1.90907,2.74532,34.9638,38.1602,-3.71803,1.55345,2.12093,0,0,-5.42129,"6","15,8,8,8,8,8,8,6,6,6,12,12,12,16,7,7,7","12:19,12:49","11,211,2112,22,2112,2112,2112,2112"
11,1617,-0.185113,-0.706666,0.914253,-2.24251,-0.171533,7.71466,16.2531,38.6257,-4.94522,1.33032,9.30122,0,0,0.460764,"6","15,8,8,8,8,8,8,6,6,6,12,12,16,7,7,7","12:18,12:48","11,211,22,22,2112"
11,2316,0.119176,0.628258,0.796071,-0.010561,0.629417,0.903997,34.8517,38.774,-3.3727,0.595783,1.16081,0,0,-4.10353,"6","15,8,8,8,8,8,8,6,6,6,12,12,12,16,7,7,7","12:21,12:54","11,211,2112,2112,2112,2112"
11,2190,0.60953,0.200862,0.819183,0.632353,0.212287,0.876148,37.283,38.0762,-0.209908,0.524639,-2.04512,0,0,-0.950268,"6","15,8,8,8,8,8,8,6,6,6,12,12,12,16,7,7,7","12:50","11,211,2112,22"
11,3417,0.437476,-0.483799,0.827406,2.11748,-1.28128,3.58174,34.6442,38.2495,2.06574,1.89766,3.42606,0,0,-0.859915,"6","15,8,8,8,8,8,8,6,6,6,12,12,12,16,7,7,7","12:20,12:51","11,211,2112,2112,22"
11,3945,0.208064,0.620567,0.832714,0.205731,0.623744,0.842597,37.9361,38.1676,0.222839,-0.118557,-1.33334,0,0,-0.419499,"6","15,8,8,8,8,8,8,6,6,6,12,12,16,7,7,7","12:19,12:48","11,211"
11,25,-0.509274,0.387973,0.813207,-3.10406,0.117413,3.72307,39.8394,38.2126,-7.23102,-9.53076,2.31648,0,0,0.43752,"6","15,8,8,8,8,8,8,6,6,6,12,12,12,16,7,7,7","12:62,12:1","11,211,2112,2112,2112,22,2112,2112,2112,2112"
11,3129,0.23517,0.624049,0.835937,0.218696,0.657849,0.866511,38.6614,38.582,0.189169,-0.117023,-1.72207,0,0,-6.76778,"6","15,8,8,8,8,8,8,6,6,6,12,12,12,16,7,7,7","12:19,12:48","11,211"
11,808,-0.404486,0.480918,0.799233,-0.698985,0.542705,1.0382,40.4433,38.1765,-1.74926,-1.52743,-10.2441,0,0,-3.70659,"6","15,8,8,8,8,8,8,6,6,6,12,12,16,7,7,7","12:18,12:48","11,211,22"
11,1488,-0.552396,0.339341,0.811856,-0.536971,0.336743,0.854536,36.565,38.6088,1.92081,3.0842,2.3005,0,0,-2.18438,"6","15,8,8,8,8,8,8,6,6,6,12,12,12,16,7,7,7","12:19,12:49","11,211,22,2112,2112,2112,2112"
11,830,-0.206611,0.670268,0.866204,-0.271464,0.558792,0.935606,33.5841,38.998,-2.20554,-0.703349,1.96194,0,0,-3.24306,"6","15,8,8,8,8,8,8,6,6,6,12,12,12,16,7,7,7","12:21,12:55","11,211,2112,22,2112,22,2112,22"
11,577,0.221342,0.613956,0.807821,0.218242,0.654776,0.855944,38.8809,38.9346,0.0748324,-0.067994,-2.45177,0,0,-4.66492,"6","15,8,8,8,8,8,8,6,6,6,12,12,12,16,7,7,7","12:19,12:49","11,211,22"
11,1652,0.19394,-0.668052,0.860183,0.265998,-0.784465,1.1502,35.7601,38.9626,-2.47219,-0.688242,5.92974,0,0,-4.15153,"6","15,8,8,8,8,8,8,6,6,6,12,12,12,16,7,7,7","12:20,12:51","11,211,2112"
11,3559,0.292772,0.642461,0.893309,0.249379,0.829145,1.25225,34.661,38.321,4.48332,-2.08108,-5.37792,0,0,-3.53635,"6","15,8,8,8,8,8,8,6,6,6,12,12,16,7,7,7","12:17,12:44","11,211,22,2112"
11,1142,-0.0898678,-0.698206,0.89273,0.006953,-1.05035,1.48354,35.2991,38.2577,-1.86939,0.264564,5.79805,0,0,-2.85791,"6","15,8,8,8,8,8,8,6,6,6,12,12,12,16,7,7,7","12:20,12:51","11,211"
11,2087,0.5854,0.38793,0.892844,0.597802,0.393348,0.909348,38.2007,38.1869,0.0415848,-0.120564,-0.280779,0,0,-2.58255,"6","15,8,8,8,8,8,8,6,6,6,12,12,12,16,7,7,7","12:21,12:53","11,211"
11,226,-0.655278,0.0890304,0.829717,-2.95555,-0.562341,6.05711,26.4137,38.5555,-0.273707,-2.3111,5.1177,0,0,-6.16809,"6","15,8,8,8,8,8,8,6,6,6,12,12,12,16,7,7,7","12:20,12:52","11,211,2112,22,2112,22"
11,4018,0.688383,0.258242,0.926597,0.718615,0.274285,0.990295,37.8372,38.431,-0.173085,0.36544,-2.74176,0,0,-2.07039,"6","15,8,8,8,8,8,8,6,6,6,12,12,12,16,7,7,7","12:21,12:54","11,211,22"
11,3589,-0.010913,0.665351,0.824152,-1.02358,2.72287,4.31817,33.9659,38.9183,-7.10578,-0.171111,4.73028,0,0,-1.40314,"6","15,8,8,8,8,8,8,6,6,6,12,12,12,16,7,7,7","12:61","11,211,2112"
11,4410,0.220695,0.642141,0.848352,0.217341,0.681284,0.898343,38.521,38.6732,-0.275127,0.0476629,-1.63085,0,0,-0.726487,"6","15,8,8,8,8,8,8,6,6,6,12,12,12,16,7,7,7","12:19,12:50","11,211,2112,22"
11,2371,0.636428,0.173942,0.821482,0.698056,0.235857,0.894344,39.4841,38.7696,-0.698976,2.40983,-1.35065,0,0,-5.13471,"6","15,8,8,8,8,8,8,6,6,6,12,12,12,16,7,7,7","12:20,12:53","11,211,22"
11,2208,-0.661935,0.109097,0.829396,-1.70331,-0.157815,2.84359,31.0296,38.968,-0.484512,-3.24436,2.06198,0,0,-7.98153,"6","15,8,8,8,8,8,8,6,6,6,12,12,12,16,7,7,7","12:21,12:53","11,211,22,2112,22,22,2112,22,22,22"
11,2294,0.458546,-0.453483,0.818191,2.18952,-0.097355,2.67014,39.3795,38.2457,8.96827,9.13599,5.05381,0,0,-1.60917,"6","15,8,8,8,8,8,8,6,6,6,12,12,12,16,7,7,7","12:61","11,211,2112,22,2112,2112,2112,22,22,22"
11,2478,-0.569383,-0.31707,0.818162,-0.878573,0.267,0.862056,46.8078,38.5394,-2.91979,5.32105,-2.83078,0,0,-0.534984,"6","15,8,8,8,8,8,8,6,6,6,12,12,16,7,7,7","12:17,12:45","11,211,2112,2112"
11,473,-0.247648,-0.689996,0.937066,-0.246928,-0.697253,0.951815,37.8519,38.037,-0.0947196,0.0615117,-0.949831,0,0,-1.75691,"6","15,8,8,8,8,8,8,6,6,6,12,12,12,16,7,7,7","12:19,12:49","11,211,22"
11,328,0.587753,0.373353,0.88123,0.591499,0.368589,0.881944,38.317,38.3142,-0.202782,0.233087,-0.815582,0,0,-3.10371,"6","15,8,8,8,8,8,8,6,6,6,12,12,12,16,7,7,7","12:21,12:54","11,211,2112"
11,4766,-0.598292,0.356916,0.869842,-0.665079,0.373813,1.03133,36.4924,38.6916,1.59741,2.60739,3.49792,0,0,-4.10853,"6","15,8,8,8,8,8,8,6,6,6,12,12,12,16,7,7,7","12:20,12:51","11,211"
11,3055,0.511459,-0.405566,0.817041,0.416444,-0.448714,0.85028,35.7531,38.6218,-1.01171,-1.23407,17.3308,0,0,-2.63886,"6","15,8,8,8,8,8,8,6,6,6,12,12,12,16,7,7,7","12:19,12:50","11,211,22,22"
11,4254,0.59284,-0.430232,0.921628,0.580765,-0.408417,0.946877,36.8636,38.4774,0.137742,0.236737,0.802034,0,0,-2.1071,"6","15,8,8,8,8,8,8,6,6,6,12,12,12,16,7,7,7","12:21,12:54","11,211,22"
11,2664,0.647728,0.19829,0.859406,0.67858,0.230553,0.927153,37.7035,38.2458,-0.203056,0.5824,-2.24254,0,0,-3.51079,"6","15,8,8,8,8,8,8,6,6,6,12,12,12,16,7,7,7","12:20,12:51","11,211,22"
11,1714,0.230327,0.589199,0.797695,0.207892,0.58371,0.828458,36.7938,38.4165,2.38842,-0.955136,-1.81983,0,0,-4.18536,"6","15,8,8,8,8,8,8,6,6,6,12,12,16,7,7,7","12:17,12:45","11,211,2112,2112"
11,1394,0.595098,0.202661,0.793766,0.61501,0.226026,0.818372,38.6825,38.3791,-0.0481124,0.0237901,-1.89703,0,0,-1.34323,"6","15,8,8,8,8,8,8,6,6,6,12,12,12,16,7,7,7","12:50","11,211,2112"
11,109,-0.705693,-0.197382,0.918338,-1.41358,-1.72393,1.78884,51.2567,38.5877,1.01649,-3.44836,-2.05086,0,0,-1.91518,"6","15,8,8,8,8,8,8,6,6,6,12,12,12,16,7,7,7","12:21,12:55","11,211,2112,2112,22,22"
11,1735,-0.40228,0.499355,0.811954,-0.611705,0.542744,0.95942,40.443,38.2998,-2.26671,-1.88294,-7.96303,0,0,-1.82218,"6","15,8,8,8,8,8,8,6,6,6,12,12,12,16,7,7,7","12:19,12:49","11,211,2112,22"
11,1950,-0.531976,-0.376347,0.832952,-0.535695,-0.393514,0.914758,36.0036,38.037,-2.07564,3.0023,1.87696,0,0,0.232514,"6","15,8,8,8,8,8,8,6,6,6,12,12,16,7,7,7","12:18,12:48","11,211,2112"
11,3275,0.521148,-0.392097,0.832272,0.455662,-0.403631,0.874169,34.8513,38.0826,-1.39975,-1.82256,7.65498,0,0,-3.95635,"6","15,8,8,8,8,8,8,6,6,6,12,12,12,16,7,7,7","12:19,12:49","11,211,2112,2112"
11,1072,0.694479,0.238036,0.939544,0.693909,0.23826,0.961078,37.3576,38.0034,-0.129974,0.264348,-0.122332,0,0,-3.69486,"6","15,8,8,8,8,8,8,6,6,6,12,12,12,16,7,7,7","12:20,12:53","11,211,22,22,22,22,2112"
11,2935,0.468655,0.508326,0.864766,0.480758,0.576088,0.916977,39.2925,38.6431,-0.0763055,0.0277259,-2.28885,0,0,-1.54675,"6","15,8,8,8,8,8,8,6,6,6,12,12,12,16,7,7,7","12:51","11,211,22"
11,3022,0.681347,0.1882,0.875583,0.822614,0.317802,1.19507,36.4245,38.914,0.975901,-3.66955,0.60422,0,0,-6.93844,"6","15,8,8,8,8,8,8,6,6,6,12,12,12,16,7,7,7","12:49","11,211,22"
11,3000,-0.615278,0.0670579,0.787239,-0.624796,0.065898,0.789408,38.515,38.1742,-0.0350665,-0.730794,-1.37607,0,0,-5.10112,"6","15,8,8,8,8,8,8,6,6,6,12,12,16,7,7,7","12:17,12:44","11,211,22,2112"
11,3670,0.68267,0.210283,0.894619,0.716507,0.251155,0.958253,38.3908,38.6062,-0.225936,0.613618,-0.899753,0,0,-3.47328,"6","15,8,8,8,8,8,8,6,6,6,12,12,12,16,7,7,7","12:20,12:53","11,211,22"
11,2200,-0.379092,0.527755,0.81322,-0.834932,0.642334,1.18342,41.6741,38.6263,-4.15591,-3.04153,-8.01505,0,0,1.85914,"6","15,8,8,8,8,8,8,6,6,6,12,12,12,16,7,7,7","12:19,12:51","11,211,2112,2112,22"
11,1853,-0.55464,0.483508,0.940394,-0.60655,0.493234,0.977726,38.6455,38.0411,-0.716026,-0.849767,-5.56455,0,0,-0.976548,"6","15,8,8,8,8,8,8,6,6,6,12,12,12,16,7,7,7","12:21,12:53","11,211,22"
11,1623,0.651296,0.168986,0.838923,0.714804,0.249662,0.935271,38.9919,38.7315,0.328342,-1.3518,-2.8348,0,0,-3.42785,"6","15,8,8,8,8,8,8,6,6,6,12,12,12,16,7,7,7","12:50","11,211,22"
11,421,0.687205,-0.165446,0.889211,1.07476,-0.083817,1.43447,36.9252,38.4814,0.364513,1.60402,3.63548,0,0,-1.29513,"6","15,8,8,8,8,8,8,6,6,6,12,12,12,16,7,7,7","12:21,12:54","11,211"
11,2878,-0.624152,-0.251603,0.834879,-1.57943,-1.32702,4.3306,25.4711,38.8706,1.67136,-4.08431,15.8904,0,0,-5.21098,"6","15,8,8,8,8,8,8,6,6,6,12,12,12,16,7,7,7","12:22,12:57","11,211,22,22"
11,4413,0.576443,-0.232054,0.786817,0.486456,-0.220182,0.856139,31.9514,38.3003,-4.76223,-11.7525,3.41118,0,0,-0.962625,"6","15,8,8,8,8,8,8,6,6,6,12,12,16,7,7,7","12:37","11,211,22,22,2112"
11,1258,0.639022,-0.112893,0.826846,0.695411,-0.092758,0.911025,37.5995,38.1252,-0.0637918,-0.178886,-4.20639,0,0,-3.99269,"6","15,8,8,8,8,8,8,6,6,6,12,12,16,7,7,7","12:17,12:46","11,211,22,2112,22,22"
11,4537,0.0163297,-0.676106,0.862116,0.048983,-0.765634,1.114,34.5548,38.1131,-5.42216,-0.105632,4.72806,0,0,-3.05255,"6","15,8,8,8,8,8,8,6,6,6,12,12,16,7,7,7","12:18,12:48","11,211"
11,3362,0.476155,0.536982,0.918414,0.602995,0.319638,1.00175,34.2658,38.0055,1.43238,-1.31603,0.422676,0,0,-3.81623,"6","15,8,8,8,8,8,8,6,6,6,12,12,12,16,7,7,7","12:50","11,211,22,2112"
11,3919,0.343479,0.515989,0.790408,0.321509,0.467912,0.829091,34.4015,38.1044,-0.926978,0.584877,1.71032,0,0,-6.75702,"6","15,8,8,8,8,8,8,6,6,6,12,12,16,7,7,7","12:17,12:45","11,211,2112"
11,1013,-0.676422,0.0681986,0.863409,-0.635553,0.133995,0.886931,36.2164,38.217,0.185566,1.56541,-1.54114,0,0,-2.1649,"6","15,8,8,8,8,8,8,6,6,6,12,12,16,7,7,7","12:17,12:46","11,211,2112,22"
11,4376,-0.503855,0.4896,0.884257,-0.598844,0.509987,0.948312,39.6739,38.4675,-1.36159,-1.42826,-2.08933,0,0,-3.84126,"6","15,8,8,8,8,8,8,6,6,6,12,12,12,16,7,7,7","12:21,12:53","11,211,22,22,22"
11,2971,0.659855,0.215403,0.857375,0.682379,0.238324,0.913972,38.3381,38.9933,0.152102,-0.522632,-3.06735,0,0,-3.02822,"6","15,8,8,8,8,8,8,6,6,6,12,12,12,16,7,7,7","12:20,12:52","11,211,2112,22,22"
11,3976,0.392232,-0.628885,0.938661,0.532316,-1.8076,5.40025,19.2358,38.295,-3.29413,-2.00418,16.9708,0,0,-2.10911,"6","15,8,8,8,8,8,8,6,6,6,12,12,16,7,7,7","12:18,12:48","11,211,2112,2112,22,2112"
11,742,-0.698572,-0.0809582,0.895365,-0.437561,0.913965,1.24874,39.0581,38.1472,-0.432562,4.05033,2.78184,0,0,-7.77023,"6","15,8,8,8,8,8,8,6,6,6,12,12,16,7,7,7","12:17,12:44","11,211,2112,2112,2112,2112,2112"
11,4992,0.687071,0.197026,0.887734,0.78065,0.283848,1.08125,37.5328,38.8395,0.0623332,-0.330648,0.730302,0,0,-2.35514,"6","15,8,8,8,8,8,8,6,6,6,12,12,12,16,7,7,7","12:20,12:52","11,211"
11,4900,-0.184191,-0.664507,0.863319,-0.236963,-0.729982,0.928597,39.5735,38.6155,-0.577721,0.183623,-5.42344,0,0,-3.43801,"6","15,8,8,8,8,8,8,6,6,6,12,12,12,16,7,7,7","12:19,12:50","11,211,22,2112,22"
11,2258,-0.363931,0.536951,0.805557,-3.18211,1.93121,5.73804,32.9716,38.8422,-4.0612,-2.7977,5.04555,0,0,-3.18026,"6","15,8,8,8,8,8,8,6,6,6,12,12,12,16,7,7,7","12:19,12:50","11,211,22,22,22"
11,2959,-0.676767,0.0550491,0.843575,-2.41191,-1.95233,6.07435,27.06,38.8309,-0.701169,-9.29147,10.1142,0,0,-5.9017,"6","15,8,8,8,8,8,8,6,6,6,12,12,12,16,7,7,7","12:23,12:60","11,211,22,2112,2112,22"
11,4238,-0.225301,-0.599168,0.808097,-0.739522,0.157879,1.28478,30.4799,38.3842,-49.1576,18.5022,50.4332,0,0,-3.78712,"6","15,6,6,6,12,12,16,7,7,7","12:7,12:21","11,211"
11,1571,-0.218798,-0.58433,0.78788,-0.213133,-0.584521,0.845825,36.3372,38.377,-3.70471,1.43118,-0.224169,0,0,-4.36506,"6","15,8,8,8,8,8,8,6,6,6,12,12,16,7,7,7","12:44","11,211"
11,153,0.398299,0.573604,0.871981,0.961392,1.94729,3.80333,29.7262,38.6896,1.06947,-0.781153,9.75495,0,0,-1.73629,"6","15,8,8,8,8,8,8,6,6,6,12,12,12,16,7,7,7","","11,211,2112,2112,22"
11,2318,-0.634142,-0.219477,0.840646,-1.06883,-0.633923,1.79458,34.7011,38.5987,0.141909,-0.276792,7.6872,0,0,-2.88851,"6","15,8,8,8,8,8,8,6,6,6,12,12,12,16,7,7,7","12:20,12:52","11,211,2112,2112"
11,4882,0.693045,0.100399,0.892612,1.07891,0.339879,1.50345,36.9573,38.1152,-0.296964,1.8511,4.04581,0,0,-6.15059,"6","15,8,8,8,8,8,8,6,6,6,12,12,12,16,7,7,7","12:49","11,211"
11,55,-0.484702,0.48009,0.847807,-0.568024,0.501965,0.927985,39.2441,38.8232,-0.988595,-1.03715,-5.17583,0,0,-3.50573,"6","15,8,8,8,8,8,8,6,6,6,12,12,12,16,7,7,7","12:20,12:52","11,211,22"
11,1397,-0.367274,-0.595327,0.891829,-0.358542,-0.541261,0.919857,35.2148,38.1088,-5.65941,3.5136,4.09646,0,0,-1.22997,"6","15,8,8,8,8,8,8,6,6,6,12,12,16,7,7,7","12:16,12:42","11,211"
11,4976,0.279714,0.561236,0.792453,0.530497,3.28755,4.8563,34.4393,38.355,4.4931,-2.26365,-16.1755,0,0,1.36481,"6","15,8,8,8,8,8,8,6,6,6,12,12,16,7,7,7","12:15,12:39","11,211,22,22"
11,425,0.249908,-0.680479,0.905539,0.503613,-1.05919,1.41233,39.7068,38.6786,-0.0114032,0.0138714,-4.51134,0,0,-5.09699,"6","15,8,8,8,8,8,8,6,6,6,12,12,12,16,7,7,7","12:19,12:50","11,211,22"
11,2727,-0.39522,-0.586305,0.899284,-0.99527,-0.390248,1.50704,35.3507,38.1766,-5.43991,3.70523,-1.59222,0,0,-1.12599,"6","15,8,8,8,8,8,8,6,6,6,12,12,16,7,7,7","12:16,12:42","11,211,22,22"
11,2567,0.259091,-0.66254,0.907819,0.584455,-0.969136,1.60406,35.2045,38.0835,-2.16765,-0.820706,3.63629,0,0,-2.2998,"6","15,8,8,8,8,8,8,6,6,6,12,12,12,16,7,7,7","12:19,12:49","11,211"
11,4088,0.528848,0.466352,0.890133,0.559396,0.362634,0.924671,35.7902,38.3837,1.08866,-1.29894,-1.90893,0,0,-0.159385,"6","15,8,8,8,8,8,8,6,6,6,12,12,12,16,7,7,7","12:20,12:51","11,211,2112,2112"
11,2225,0.504883,0.367206,0.79308,2.0946,-1.29928,2.92487,40.1216,38.2091,8.76147,-12.0818,6.79004,0,0,-3.43134,"6","15,8,8,8,8,8,8,6,6,6,12,12,16,7,7,7","12:13,12:35","11,211,22,2112,22,22"
11,1222,-0.551721,0.485757,0.910982,-0.613815,0.500527,0.960707,39.5026,38.9007,-0.93969,-1.13483,-5.4616,0,0,-2.52247,"6","15,8,8,8,8,8,8,6,6,6,12,12,12,16,7,7,7","12:21,12:55","11,211,22"
11,1712,0.320696,0.585863,0.847252,0.324861,0.492451,0.923812,32.5625,38.2489,10.0016,-5.50697,8.50575,0,0,-0.397085,"6","15,8,8,8,8,8,8,6,6,6,12,12,16,7,7,7","12:36","11,211,2112,22,22"
11,3568,0.624048,0.176876,0.819144,0.758206,0.287352,1.09053,36.6315,38.3736,-0.0644573,0.1066,-0.606843,0,0,-3.8598,"6","15,8,8,8,8,8,8,6,6,6,12,12,12,16,7,7,7","12:49","11,211,22,22,22"
11,4516,-0.708576,0.0129677,0.886759,-0.985001,-0.127837,1.37639,35.8157,38.6317,0.0640143,2.65434,0.652619,0,0,-2.60213,"6","15,8,8,8,8,8,8,6,6,6,12,12,16,7,7,7","12:45","11,211,2112"
11,1191,0.316164,0.603494,0.866063,0.346161,0.704171,1.17145,33.8149,38.1907,5.60243,-2.97133,8.44933,0,0,-3.75544,"6","15,8,8,8,8,8,8,6,6,6,12,12,16,7,7,7","12:16,12:43","11,211,2112,22"
11,3581,0.497136,0.381859,0.787928,1.02545,0.736671,2.31093,28.651,38.5053,3.46062,-4.55042,13.9955,0,0,-0.255338,"6","15,8,8,8,8,8,8,6,6,6,12,12,16,7,7,7","12:18,12:47","11,211,2112,22"
11,512,-0.58068,-0.437426,0.902241,-0.796629,-2.26355,5.82055,22.4049,38.8609,-0.872401,1.21375,4.31158,0,0,-1.57455,"6","15,8,8,8,8,8,8,6,6,6,12,12,12,16,7,7,7","12:21,12:54","11,211,22,2112,2112,22,22"
11,1940,-0.507213,0.530977,0.927116,-0.315019,0.540193,1.00798,31.8149,38.3803,1.86161,1.75789,1.1928,0,0,-7.69741,"6","15,8,8,8,8,8,8,6,6,6,12,12,12,16,7,7,7","12:19,12:49","11,211,22,22,22,22,2112,2112"
11,2483,-0.479556,0.44926,0.831176,-0.532736,0.456192,0.881773,38.499,38.3296,-1.09837,-1.21802,-3.00471,0,0,-4.82023,"6","15,8,8,8,8,8,8,6,6,6,12,12,12,16,7,7,7","12:20,12:51","11,211,2112,22"
11,4336,-0.654851,0.0651799,0.825224,-0.666302,0.068478,0.90345,36.553,38.5711,0.318927,2.98248,4.12077,0,0,-3.63901,"6","15,8,8,8,8,8,8,6,6,6,12,12,16,7,7,7","12:17,12:45","11,211,22"
11,2480,-0.552934,0.446933,0.899623,-0.561229,0.43596,0.925931,37.5066,38.3194,0.263122,0.276169,-0.686996,0,0,-5.01379,"6","15,8,8,8,8,8,8,6,6,6,12,12,12,16,7,7,7","12:20,12:52","11,211"
11,4196,0.226348,0.660187,0.886128,0.22505,0.672029,0.896997,38.312,38.2239,-6.08595e-05,-0.0363807,-0.886968,0,0,-6.34536,"6","15,8,8,8,8,8,8,6,6,6,12,12,12,16,7,7,7","12:49","11,211,22"
11,4141,-0.532675,0.355158,0.805181,-0.716825,0.390308,1.11338,36.2443,38.4891,0.608671,0.880494,5.69682,0,0,-7.32767,"6","15,8,8,8,8,8,8,6,6,6,12,12,12,16,7,7,7","12:20,12:51","11,211"
11,1967,0.0903852,-0.691285,0.868746,0.092479,-0.681115,0.880944,37.9635,38.7471,-0.84725,-0.0829637,-0.385992,0,0,-5.13879,"6","15,8,8,8,8,8,8,6,6,6,12,12,12,16,7,7,7","12:20,12:53","11,211"
11,3778,-0.0372815,0.743187,0.936057,1.51388,0.540335,1.92093,39.9223,38.4831,13.3801,0.649186,9.77803,0,0,-4.88898,"6","15,8,8,8,8,8,8,6,6,6,12,12,16,7,7,7","12:17,12:44","11,211,2112,2112,2112"
11,4320,0.689128,0.221037,0.904063,0.734566,0.262419,0.967714,38.8708,38.6775,0.0594074,-0.242321,-4.495,0,0,-3.50755,"6","15,8,8,8,8,8,8,6,6,6,12,12,12,16,7,7,7","12:20,12:53","11,211,22"
11,4313,-0.549803,0.506819,0.9238,-0.619912,0.518086,1.02058,38.3655,38.9881,-0.664371,-0.761513,-2.4915,0,0,-6.40142,"6","15,8,8,8,8,8,8,6,6,6,12,12,12,16,7,7,7","12:21,12:54","11,211,22,22,22,22,2112,22"
11,3484,-0.0165685,0.637959,0.803865,-0.16012,0.926049,1.85285,26.8947,38.4454,19.5355,0.491989,8.49185,0,0,-3.09992,"6","15,8,8,8,8,8,8,6,6,6,12,12,16,7,7,7","12:11","11,211,2112"
11,2491,-0.567557,-0.445234,0.896767,-0.267805,-0.286494,1.30018,16.7848,38.8131,-0.221394,0.324263,4.73096,0,0,0.492485,"6","15,8,8,8,8,8,8,6,6,6,12,12,12,16,7,7,7","12:21,12:55","11,211"
11,2431,0.540935,-0.371735,0.83731,2.9044,-0.910762,4.59761,33.5066,38.0922,1.37012,2.0299,0.907394,0,0,2.2632,"6","15,8,8,8,8,8,8,6,6,6,12,12,12,16,7,7,7","12:21,12:54","11,211,2112,2112,2112,22,2112,2112,2112"
11,233,0.482944,0.42211,0.814243,0.592401,0.74653,1.31469,35.9383,38.229,0.0867868,-0.123527,-2.37928,0,0,-1.34111,"6","15,8,8,8,8,8,8,6,6,6,12,12,12,16,7,7,7","12:49","11,211"
11,3981,-0.748184,-0.00210744,0.932764,-1.65466,1.34168,3.24151,33.3121,38.7337,-0.0597884,27.9507,35.9885,0,0,-4.49204,"6","15,6,6,6,12,12,16,7,7,7,18","12:12,12:33","11,211,2112,2112"
11,4111,-0.249768,-0.688573,0.91101,-0.235871,-0.758289,0.991178,38.7015,38.8001,-0.568276,0.252169,-2.05082,0,0,-3.23879,"6","15,8,8,8,8,8,8,6,6,6,12,12,12,16,7,7,7","12:19,12:50","11,211,2112,22"
11,1307,0.683846,-0.258298,0.903075,1.31828,-1.29304,3.49294,27.8636,38.9887,-0.95699,-2.47309,2.07883,0,0,-3.44352,"6","15,8,8,8,8,8,8,6,6,6,12,12,12,16,7,7,7","12:21,12:53","11,211,2112,22,2112,2112,22,22"
11,4561,-0.471052,0.501354,0.879278,-0.63519,0.517408,0.939302,41.0948,38.0389,-1.97274,-1.88328,-5.80764,0,0,-0.118579,"6","15,8,8,8,8,8,8,6,6,6,12,12,12,16,7,7,7","12:20,12:51","11,211,2112,22,22,22"
11,995,-0.448511,0.458558,0.815164,-0.538336,0.459536,0.953751,36.5799,38.1984,0.93508,0.867675,-3.98553,0,0,-0.828427,"6","15,8,8,8,8,8,8,6,6,6,12,12,16,7,7,7","12:18,12:48","11,211,22,22"
11,4308,0.669185,0.218638,0.897623,0.66076,0.229011,0.955562,36.1983,38.1067,1.17786,-3.66876,-0.514888,0,0,2.094,"6","15,8,8,8,8,8,8,6,6,6,12,12,16,7,7,7","12:48","11,211,2112"
11,4004,-0.448999,0.440299,0.787525,-1.30129,2.86785,4.25447,36.5098,38.6083,1.6113,1.60365,1.0032,0,0,1.92705,"6","15,8,8,8,8,8,8,6,6,6,12,12,16,7,7,7","12:18,12:48","11,211,2112,22,22,2112,22"
11,4875,-0.50285,-0.440314,0.842684,-0.543281,-0.665076,1.21905,35.163,38.42,-2.79221,3.25039,-2.98837,0,0,-2.43992,"6","15,8,8,8,8,8,8,6,6,6,12,12,16,7,7,7","12:18,12:46","11,211"
11,3641,-0.465951,0.499491,0.855891,-0.460092,0.497338,0.863556,38.1166,38.5932,0.141206,0.0822639,0.0352082,0,0,-1.98005,"6","15,8,8,8,8,8,8,6,6,6,12,12,12,16,7,7,7","12:19,12:50","11,211,2112,2112,2112"
11,4584,0.706623,0.238896,0.939686,0.741703,0.259863,1.01959,37.6255,38.4422,0.0185215,-0.118764,-3.45773,0,0,-3.36448,"6","15,8,8,8,8,8,8,6,6,6,12,12,12,16,7,7,7","12:21,12:53","11,211,22,22"
11,521,0.673444,0.231126,0.887994,0.719448,0.277393,0.970449,38.469,38.723,-0.00227697,-0.0511838,-3.13286,0,0,-1.37858,"6","15,8,8,8,8,8,8,6,6,6,12,12,12,16,7,7,7","12:20,12:53","11,211,22"
11,706,0.23283,0.670162,0.891106,0.236976,0.66158,0.885852,38.4248,38.5251,0.830294,-0.309197,-1.01057,0,0,-1.7519,"6","15,8,8,8,8,8,8,6,6,6,12,12,12,16,7,7,7","12:19,12:49","11,211"
11,1650,-0.481691,-0.414703,0.80239,-0.469451,-0.266502,0.845253,32.5644,38.3845,-7.1459,8.33141,15.4617,0,0,-3.06413,"6","15,8,8,8,8,8,8,6,6,6,12,12,16,7,7,7","12:16,12:41","11,211,22,22,2112,2112"
11,21,-0.635125,0.242831,0.863219,-0.635582,0.236341,0.884959,37.4612,38.2278,0.367219,0.846585,-1.15492,0,0,1.92412,"6","15,8,8,8,8,8,8,6,6,6,12,12,12,16,7,7,7","12:20,12:51","11,211"
11,4430,-0.472016,0.441545,0.812722,-0.52887,0.448513,0.872854,38.4657,38.4946,-0.972049,-1.09427,-2.00837,0,0,-9.53709,"6","15,8,8,8,8,8,8,6,6,6,12,12,12,16,7,7,7","12:20,12:51","11,211,22,22"
11,4338,-0.468923,0.435994,0.811992,-0.563468,0.494676,0.866121,40.8827,38.2576,-1.17757,-1.32614,-5.9975,0,0,-6.01842,"6","15,8,8,8,8,8,8,6,6,6,12,12,12,16,7,7,7","12:19,12:51","11,211,2112,22"
11,2638,0.420283,0.529125,0.835741,0.11232,-0.282961,1.49613,11.5018,38.9569,2.66014,-2.1343,19.992,0,0,-3.31068,"6","15,8,8,8,8,8,8,6,6,6,12,12,12,16,7,7,7","12:20,12:51","11,211,2112"
11,741,-0.544493,-0.441562,0.88102,-0.740695,-0.830262,1.53459,35.9436,38.5095,-0.397727,0.52269,5.29187,0,0,-8.50044,"6","15,8,8,8,8,8,8,6,6,6,12,12,12,16,7,7,7","12:21,12:54","11,211"
11,724,0.583941,-0.304066,0.832165,0.449763,-0.248077,0.93467,28.7908,38.3492,-0.146362,-0.194807,-0.141329,0,0,-2.16244,"6","15,8,8,8,8,8,8,6,6,6,12,12,12,16,7,7,7","12:20,12:52","11,211,2112"
11,1436,-0.628964,-0.34434,0.904357,-0.518917,0.166179,1.11157,26.1135,38.4104,-4.72031,8.65834,9.40763,0,0,2.68331,"6","15,8,8,8,8,8,8,6,6,6,12,12,16,7,7,7","12:18,12:46","11,211,2112,2112,2112"
11,4339,-0.0605077,-0.740515,0.933379,0.794003,-2.48956,7.43036,19.3758,38.5203,1.43218,-0.100529,7.87812,0,0,-5.375,"6","15,8,8,8,8,8,8,6,6,6,12,12,12,16,7,7,7","12:22,12:56","11,211,2112,2112,2112,2112,22"
11,1813,0.209899,0.623141,0.839595,0.211156,0.621416,0.844186,37.8632,38.0669,0.224072,-0.0938466,-0.949952,0,0,-4.71358,"6","15,8,8,8,8,8,8,6,6,6,12,12,16,7,7,7","12:18,12:48","11,211,22,22"
11,4912,0.726616,-0.00907118,0.919158,0.203388,-0.295043,1.87919,10.7964,38.3294,-0.079503,-3.74106,18.0451,0,0,-3.93462,"6","15,8,8,8,8,8,8,6,6,6,12,12,12,16,7,7,7","12:19,12:49","11,211"
11,408,-0.544123,0.476201,0.916525,-0.54774,0.480494,0.926062,38.1956,38.271,0.259671,0.247536,-0.708303,0,0,-9.8252,"6","15,8,8,8,8,8,8,6,6,6,12,12,12,16,7,7,7","12:20,12:52","11,211,2112"
11,2252,-0.46855,0.44887,0.816595,-0.517423,0.457464,0.861745,38.7107,38.4705,-0.382028,-0.457279,-0.85688,0,0,-5.55978,"6","15,8,8,8,8,8,8,6,6,6,12,12,12,16,7,7,7","12:20,12:51","11,211"
11,1043,-0.466846,0.474603,0.823535,-0.562323,0.502122,0.914765,39.4927,38.9513,-0.967615,-0.983491,-0.859533,0,0,-4.40303,"6","15,8,8,8,8,8,8,6,6,6,12,12,12,16,7,7,7","12:52","11,211,22"
11,2508,-0.625599,0.0945888,0.78515,-1.17985,-0.258064,2.12891,29.5666,38.8635,-0.633055,-4.47861,7.18178,0,0,-0.456766,"6","15,8,8,8,8,8,8,6,6,6,12,12,12,16,7,7,7","12:21,12:54","11,211,2112,2112"
11,1465,0.580286,0.273704,0.800341,0.46758,0.002832,0.931304,26.6603,38.7175,9.41886,-20.0089,27.5243,0,0,-2.99258,"6","15,8,8,8,8,8,8,6,6,6,12,12,16,7,7,7","12:11","11,211,2112,22,2112"
11,1513,0.650118,-0.0675024,0.807659,0.651797,-0.065739,0.814727,38.802,38.9822,-0.105638,-0.633816,-0.209399,0,0,-4.11605,"6","15,8,8,8,8,8,8,6,6,6,12,12,16,7,7,7","12:18,12:46","11,211,2112"
11,785,-0.480638,0.411412,0.785978,-0.472868,0.388118,0.844546,35.9179,38.8322,3.50077,4.04413,-0.652646,0,0,-4.80692,"6","15,8,8,8,8,8,8,6,6,6,12,12,16,7,7,7","12:17,12:45","11,211"
11,2811,-0.431445,-0.516053,0.841809,-0.623528,-0.288006,0.90204,37.2863,38.6266,-2.7974,2.38729,0.519222,0,0,-5.3171,"6","15,8,8,8,8,8,8,6,6,6,12,12,16,7,7,7","12:17,12:46","11,211"
11,3761,0.653605,-0.175513,0.855734,0.803284,-0.236306,0.829631,45.2643,38.3388,0.197494,0.884157,-6.61998,0,0,-4.9631,"6","15,8,8,8,8,8,8,6,6,6,12,12,12,16,7,7,7","12:19,12:49","11,211,22"
11,2310,0.0504884,-0.706494,0.899641,-0.002782,-0.630654,0.958385,33.3467,38.2137,-1.55574,-0.0683626,2.37383,0,0,-3.83622,"6","15,8,8,8,8,8,8,6,6,6,12,12,12,16,7,7,7","12:20,12:53","11,211"
11,3168,-0.552119,-0.329663,0.816544,-1.22491,1.25121,2.87124,31.3763,38.2213,-4.48199,7.57658,9.20078,0,0,-1.92989,"6","15,8,8,8,8,8,8,6,6,6,12,12,16,7,7,7","12:17,12:43","11,211,22,2112,2112,22"
11,804,0.270533,0.586916,0.822101,0.230112,0.710134,0.893059,39.8914,38.1714,-3.71824,1.68126,-7.69479,0,0,-4.77533,"6","15,8,8,8,8,8,8,6,6,6,12,12,12,16,7,7,7","12:19,12:49","11,211,22"
11,3653,0.631417,0.115437,0.802302,0.666659,0.232478,0.878707,38.7815,38.6616,-0.816847,4.24711,0.79941,0,0,-8.78855,"6","15,8,8,8,8,8,8,6,6,6,12,12,12,16,7,7,7","12:20,12:52","11,211,2112,22,22"
11,1468,-0.662044,0.123234,0.84992,-1.13363,1.85178,3.50415,31.7829,38.3908,0.955004,4.94923,1.49736,0,0,-4.25177,"6","15,8,8,8,8,8,8,6,6,6,12,12,16,7,7,7","12:17,12:45","11,211,2112,22"
11,4608,0.667836,0.246585,0.894986,0.694776,0.268412,0.941977,38.3334,38.5,-0.36837,0.894369,-2.81592,0,0,-4.64723,"6","15,8,8,8,8,8,8,6,6,6,12,12,12,16,7,7,7","12:21,12:54","11,211,22"
11,2774,0.595228,0.321238,0.855054,1.46583,0.044717,2.65561,28.9089,38.3453,3.29281,-6.1657,8.22395,0,0,-3.99879,"6","15,8,8,8,8,8,8,6,6,6,12,12,16,7,7,7","12:18,12:47","11,211,2112"
11,3221,0.659531,0.2348,0.893801,0.657167,0.24986,0.927975,37.1487,38.0703,0.729032,-2.11525,-0.538291,0,0,-5.05017,"6","15,8,8,8,8,8,8,6,6,6,12,12,12,16,7,7,7","12:50","11,211"
11,2755,0.469203,-0.49783,0.865968,0.520378,-0.503929,1.02869,35.1526,38.308,-3.80069,-3.53602,1.12224,0,0,0.009039,"6","15,8,8,8,8,8,8,6,6,6,12,12,16,7,7,7","12:17,12:46","11,211"
11,4385,-0.460379,0.574138,0.927295,-1.09389,0.671943,2.0294,32.3171,38.4363,-1.06357,-0.893383,2.96689,0,0,-1.03713,"6","15,8,8,8,8,8,8,6,6,6,12,12,12,16,7,7,7","12:19,12:50","11,211,2112,2112,2112,22,2112,2112"
11,295,-0.114169,-0.691822,0.878561,0.356178,-1.23562,1.99826,32.7624,38.5933,7.67845,-1.22442,7.34807,0,0,-5.1964,"6","15,8,8,8,8,8,8,6,6,6,12,12,12,16,7,7,7","12:23,12:60","11,211,2112,2112"
11,1999,0.0135443,0.635472,0.805705,-0.115338,0.854877,1.27197,34.1443,38.2697,4.47272,-0.111448,1.6467,0,0,-2.70287,"6","15,8,8,8,8,8,8,6,6,6,12,12,16,7,7,7","12:18,12:47","11,211"
11,3307,-0.708317,-0.151143,0.896551,-0.907579,0.204406,1.66517,29.1916,38.9324,-1.24742,5.94307,7.5624,0,0,-3.30216,"6","15,8,8,8,8,8,8,6,6,6,12,12,16,7,7,7","12:18,12:46","11,211,2112,22"
11,328,-0.520779,-0.478224,0.880876,-0.534814,-0.284609,0.970416,31.9764,38.7525,-3.02258,3.33005,4.75119,0,0,0.034504,"6","15,8,8,8,8,8,8,6,6,6,12,12,12,16,7,7,7","12:19,12:50","11,211"
11,3854,-0.241789,0.58721,0.792989,-2.8753,2.06759,3.87794,42.4037,38.6884,-4.40045,-1.86348,-3.109,0,0,-0.905766,"6","15,8,8,8,8,8,8,6,6,6,12,12,12,16,7,7,7","12:19,12:49","11,211,2112,22"
11,2078,-0.542496,0.485302,0.911605,-0.636204,0.505178,0.990762,39.3502,38.6063,-0.821664,-0.959181,-2.34567,0,0,-6.82331,"6","15,8,8,8,8,8,8,6,6,6,12,12,12,16,7,7,7","12:21,12:54","11,211,2112,22"
11,3733,-0.0963692,0.618259,0.780429,-0.178133,0.740745,1.13815,33.7977,38.7216,6.02523,0.902155,6.46122,0,0,-1.99752,"6","15,8,8,8,8,8,8,6,6,6,12,12,16,7,7,7","12:17,12:45","11,211,22"
11,1092,0.426041,0.516708,0.844906,0.428718,0.510106,0.859004,37.8011,38.4015,0.716891,-0.649545,0.0570787,0,0,2.19469,"6","15,8,8,8,8,8,8,6,6,6,12,12,16,7,7,7","12:18,12:48","11,211"
11,2753,-0.519433,0.470122,0.883374,-0.578716,0.47928,0.951539,38.2975,38.4174,0.016002,-0.0182809,-4.08798,0,0,-8.49824,"6","15,8,8,8,8,8,8,6,6,6,12,12,12,16,7,7,7","12:20,12:52","11,211,2112,2112,22"
11,4826,0.0108196,0.619609,0.791217,-0.365344,0.97462,1.09178,43.632,38.0691,-3.22537,0.0213133,-4.08815,0,0,1.223,"6","15,8,8,8,8,8,8,6,6,6,12,12,12,16,7,7,7","12:20,12:52","11,211,22,2112,2112,22"
11,2679,-0.480545,0.448169,0.834608,-0.478053,0.443139,0.841775,37.7533,38.2139,-0.304275,-0.383706,-1.19183,0,0,-6.17731,"6","15,8,8,8,8,8,8,6,6,6,12,12,12,16,7,7,7","12:19,12:51","11,211,2112,22"
11,1159,0.395168,-0.530829,0.828467,1.75139,-0.293604,2.32239,37.4036,38.6174,3.82322,2.88566,1.1307,0,0,-7.40655,"6","15,8,8,8,8,8,8,6,6,6,12,12,12,16,7,7,7","12:20,12:51","11,211,2112,22"
11,2303,0.346728,0.607223,0.893597,2.26731,1.47921,5.56976,25.922,38.0433,4.5773,-2.65615,7.17375,0,0,-0.240952,"6","15,8,8,8,8,8,8,6,6,6,12,12,16,7,7,7","12:16,12:43","11,211,22,22,2112,22"
11,3487,-0.216223,-0.603929,0.804516,-0.212242,-0.60889,0.815203,38.3438,38.5666,0.146824,-0.00354347,-0.400132,0,0,-3.53476,"6","15,8,8,8,8,8,8,6,6,6,12,12,12,16,7,7,7","12:19,12:48","11,211"
11,741,0.654224,0.17862,0.843781,0.688121,0.239227,0.924259,38.2459,38.7898,-0.256251,0.834665,-4.65435,0,0,-5.42474,"6","15,8,8,8,8,8,8,6,6,6,12,12,12,16,7,7,7","12:20,12:52","11,211,22"
11,384,-0.690038,0.0647526,0.867786,-0.687338,0.06772,0.880002,38.1265,38.6131,0.056419,0.259649,-0.361525,0,0,-2.22835,"6","15,8,8,8,8,8,8,6,6,6,12,12,16,7,7,7","12:18,12:48","11,211"
11,4676,0.638195,0.305075,0.880196,0.521519,0.252151,0.998631,30.1168,38.7869,-0.583163,1.14491,0.976476,0,0,-2.07828,"6","15,8,8,8,8,8,8,6,6,6,12,12,12,16,7,7,7","12:21,12:55","11,211"
11,3832,-0.463532,0.426023,0.800891,-0.49559,0.427392,0.829815,38.2608,38.1704,-0.00398607,-0.0593102,-0.0969414,0,0,1.35251,"6","15,8,8,8,8,8,8,6,6,6,12,12,12,16,7,7,7","12:19,12:49","11,211"
11,1464,-0.45762,0.449398,0.794026,-0.575328,0.486489,0.917875,39.381,38.93,-0.830458,-0.912979,-4.55287,0,0,-5.11649,"6","15,8,8,8,8,8,8,6,6,6,12,12,12,16,7,7,7","12:20,12:51","11,211,2112,22,2112,22"
11,3624,0.588446,-0.269787,0.818406,2.25663,-0.641196,3.63349,32.8483,38.3434,2.50122,5.51667,39.5025,0,0,-1.01859,"6","15,6,6,6,12,12,12,16,7,7,7","12:22,12:57","11,211"
11,1805,-0.181081,0.703753,0.918169,-0.025094,0.614108,1.02611,30.9208,38.3595,2.72595,0.677801,2.81357,0,0,0.184493,"6","15,8,8,8,8,8,8,6,6,6,12,12,12,16,7,7,7","12:20,12:51","11,211,2112"
11,1198,0.623593,-0.0573292,0.782306,0.693953,0.460049,1.81051,24.6962,38.6767,0.528175,5.9964,1.06672,0,0,-6.24387,"6","15,8,8,8,8,8,8,6,6,6,12,12,12,16,7,7,7","12:20,12:51","11,211,22"
11,1453,-0.5562,0.475043,0.93123,-0.606011,0.479759,1.01239,37.3607,38.1486,-0.0684793,-0.110648,-2.40221,0,0,-3.09135,"6","15,8,8,8,8,8,8,6,6,6,12,12,12,16,7,7,7","12:20,12:53","11,211,22"
11,1936,-0.225613,-0.619965,0.819695,-0.213392,-0.651598,0.851267,38.8496,38.8292,0.322403,-0.0676425,-1.41748,0,0,-5.4908,"6","15,8,8,8,8,8,8,6,6,6,12,12,12,16,7,7,7","12:19,12:49","11,211"
11,2666,0.727985,0.00632818,0.925026,0.594753,-0.040789,1.03239,30.0041,38.2034,-0.031323,0.510415,3.28568,0,0,-0.568012,"6","15,8,8,8,8,8,8,6,6,6,12,12,12,16,7,7,7","12:19,12:48","11,211,22"
11,4085,0.265849,-0.604232,0.842842,0.526564,-1.13571,2.73835,24.5676,38.0687,-11.4801,-5.02762,8.85551,0,0,-4.04923,"6","15,8,8,8,8,8,8,6,6,6,12,12,16,7,7,7","12:14","11,211,2112,22,22,2112,2112"
11,1472,-0.65449,0.317833,0.906023,-0.353826,1.15502,1.39315,40.9284,38.7662,3.08782,6.30395,-0.107469,0,0,-3.19766,"6","15,8,8,8,8,8,8,6,6,6,12,12,12,16,7,7,7","12:19,12:49","11,211,22"
11,320,-0.304472,0.574506,0.812888,-0.144893,2.03999,3.3065,31.7376,38.6551,7.52329,3.95204,4.80669,0,0,-1.55637,"6","15,8,8,8,8,8,8,6,6,6,12,12,16,7,7,7","12:38","11,211,2112"
11,1010,0.648037,-0.0808932,0.827608,0.608667,-0.086837,0.838956,36.2359,38.277,-0.640685,-4.90555,1.05954,0,0,-5.05028,"6","15,8,8,8,8,8,8,6,6,6,12,12,16,7,7,7","12:16,12:42","11,211"
11,546,-0.110082,-0.661799,0.85419,-0.256295,-1.02648,2.01089,27.7504,38.1466,0.11194,0.0112581,3.35698,0,0,-4.11364,"6","15,8,8,8,8,8,8,6,6,6,12,12,12,16,7,7,7","12:20,12:52","11,211,22"
11,2273,-0.375446,-0.506306,0.787487,0.513579,-1.77509,2.81016,33.3279,38.6745,6.46783,-4.74378,5.49604,0,0,-6.15932,"6","15,8,8,8,8,8,8,6,6,6,12,12,12,16,7,7,7","12:22,12:55","11,211,2112,2112"
11,3589,0.250388,-0.61137,0.830356,0.90162,-1.57026,4.02404,24.2263,38.5068,0.520598,0.235627,0.414837,0,0,-1.03219,"6","15,8,8,8,8,8,8,6,6,6,12,12,16,7,7,7","12:19,12:48","11,211,22,2112,2112"
11,4671,-0.631722,-0.0768864,0.793628,-0.63338,-0.112989,0.906377,35.3685,38.725,-0.714219,6.0457,-0.820325,0,0,2.84554,"6","15,8,8,8,8,8,8,6,6,6,12,12,16,7,7,7","12:16,12:42","11,211"
11,2021,-0.497525,0.498046,0.890706,-0.627501,0.511901,0.969863,39.8612,38.3213,-3.11279,-3.15314,-2.75306,0,0,-3.24013,"6","15,8,8,8,8,8,8,6,6,6,12,12,12,16,7,7,7","12:21","11,211,22,22"
11,1020,-0.636207,0.0797905,0.800568,-0.836795,0.012953,1.1959,34.9845,38.692,0.562748,4.15021,3.09142,0,0,2.98429,"6","15,8,8,8,8,8,8,6,6,6,12,12,16,7,7,7","12:16,12:43","11,211"
11,2908,-0.556502,-0.355126,0.821261,-1.20426,-0.645167,2.71766,26.6891,38.7936,-1.07612,1.7376,7.24575,0,0,1.16997,"6","15,8,8,8,8,8,8,6,6,6,12,12,12,16,7,7,7","12:20,12:52","11,211,2112,2112,2112,2112"
11,4936,0.0581512,0.619557,0.788381,-0.059669,0.909093,1.36922,33.6389,38.2846,5.09843,-0.510183,5.65854,0,0,-0.009257,"6","15,8,8,8,8,8,8,6,6,6,12,12,16,7,7,7","12:17,12:46","11,211"
11,1569,0.622862,-0.204163,0.812749,0.541695,-0.183444,0.883538,32.915,38.8856,-0.0166034,0.0773354,3.06707,0,0,-3.9222,"6","15,8,8,8,8,8,8,6,6,6,12,12,12,16,7,7,7","12:20,12:52","11,211,2112,22"
11,1716,-0.231465,-0.64662,0.872688,-0.238312,-0.652004,0.875856,38.3999,38.2025,0.154463,-0.0296468,-0.453245,0,0,-1.11786,"6","15,8,8,8,8,8,8,6,6,6,12,12,12,16,7,7,7","12:19,12:49","11,211"
11,2690,0.711154,0.18288,0.907878,0.783813,0.278938,1.00257,39.687,38.9659,-1.00534,3.77207,-2.97321,0,0,-1.10198,"6","15,8,8,8,8,8,8,6,6,6,12,12,12,16,7,7,7","12:22,12:56","11,211,22,22,22"
11,860,-0.0970755,-0.705104,0.900064,-0.099177,-0.702601,0.913239,37.8464,38.3363,-0.0617932,0.0335603,0.0432505,0,0,-4.71466,"6","15,8,8,8,8,8,8,6,6,6,12,12,12,16,7,7,7","12:53","11,211,22"
11,1918,0.638802,0.200556,0.837987,0.687605,0.242275,0.898305,39.0618,38.6246,-0.425672,1.23757,-1.25474,0,0,-5.93185,"6","15,8,8,8,8,8,8,6,6,6,12,12,12,16,7,7,7","12:20,12:52","11,211,22,22"
11,3522,0.617734,-0.108711,0.782262,0.944898,-0.125007,2.11087,24.3009,38.7231,0.0263064,0.271849,1.5356,0,0,-2.35987,"6","15,8,8,8,8,8,8,6,6,6,12,12,16,7,7,7","12:18,12:47","11,211,2112,2112,2112"
11,4372,-0.557994,0.445941,0.901926,-0.563221,0.444223,0.91591,38.0674,38.3781,-0.0167769,-0.0699955,-0.933767,0,0,-9.93179,"6","15,8,8,8,8,8,8,6,6,6,12,12,12,16,7,7,7","12:21,12:53","11,211,22,22,2112,2112"
11,4948,0.603373,0.17776,0.79616,0.590449,0.205247,0.867796,35.7666,38.3108,-0.33825,1.05089,-1.57602,0,0,-1.24646,"6","15,8,8,8,8,8,8,6,6,6,12,12,12,16,7,7,7","12:20,12:50","11,211,2112"
11,1911,0.262974,-0.625133,0.851626,2.08747,-2.37373,5.91793,28.1087,38.5321,1.92202,0.86157,5.77321,0,0,-3.12011,"6","15,8,8,8,8,8,8,6,6,6,12,12,12,16,7,7,7","12:20,12:52","11,211,2112,2112,2112,2112,2112,22,2112,2112,22,22"
11,1747,-0.544429,0.459166,0.904096,-0.554168,0.470549,0.927846,38.0797,38.2294,-0.292047,-0.401207,-0.153579,0,0,-6.6591,"6","15,8,8,8,8,8,8,6,6,6,12,12,12,16,7,7,7","12:20,12:53","11,211,2112,22,22,22"
11,1268,0.645661,0.188049,0.849946,0.741717,0.264857,1.01553,37.7952,38.3515,-0.302761,0.950606,1.61588,0,0,-5.11971,"6","15,8,8,8,8,8,8,6,6,6,12,12,12,16,7,7,7","12:20,12:51","11,211,22"
11,4232,-0.582875,-0.23937,0.803313,-1.12117,-1.88498,2.56857,40.4929,38.1104,4.08929,-9.89485,3.51372,0,0,-1.98995,"6","15,8,8,8,8,8,8,6,6,6,12,12,12,16,7,7,7","12:61","11,211,2112"
11,3350,0.533831,0.361315,0.821984,0.556864,0.394934,0.944133,35.8703,38.1041,2.16192,-3.23277,2.78285,0,0,-3.25355,"6","15,8,8,8,8,8,8,6,6,6,12,12,16,7,7,7","12:18,12:47","11,211"
11,1094,0.607145,-0.366325,0.894062,0.397169,-0.448788,0.980977,31.4214,38.4186,-2.6224,-4.26996,2.98327,0,0,-3.20584,"6","15,8,8,8,8,8,8,6,6,6,12,12,12,16,7,7,7","12:19,12:50","11,211"
11,4485,-0.530962,0.364404,0.79924,-0.381823,0.921263,1.35969,36.2579,38.8598,5.96917,8.65655,3.28435,0,0,-3.57176,"6","15,8,8,8,8,8,8,6,6,6,12,12,16,7,7,7","12:16,12:42","11,211,2112,2112,2112,2112"
11,1803,0.516628,0.391472,0.828951,3.17143,1.50204,2.36358,56.0378,38.0234,1.17949,-1.6029,-4.9329,0,0,-7.52399,"6","15,8,8,8,8,8,8,6,6,6,12,12,16,7,7,7","12:18,12:47","11,211,2112,2112,2112,22"
11,4314,-0.628737,-0.0682644,0.80591,-0.895122,-0.302559,1.38171,34.3659,38.1228,-0.313239,3.11249,-0.980143,0,0,-1.01098,"6","15,8,8,8,8,8,8,6,6,6,12,12,16,7,7,7","12:17,12:43","11,211,2112,2112"
11,1794,-0.103145,0.642396,0.822091,-0.291718,0.680239,0.936639,38.3165,38.359,-5.41645,-0.907389,-0.297812,0,0,-1.11468,"6","15,8,8,8,8,8,8,6,6,6,12,12,12,16,7,7,7","12:22,12:56","11,211,2112,22"
11,2389,-0.074255,-0.695554,0.881516,0.325058,-0.014417,1.64381,11.1965,38.433,4.79534,-0.475791,19.0331,0,0,-0.657122,"6","15,8,8,8,8,8,8,6,6,6,12,12,12,16,7,7,7","12:22,12:58","11,211"
11,4338,-0.524689,0.446765,0.875648,-0.547828,0.456178,0.903613,38.2711,38.2025,-0.778066,-0.949075,-0.458069,0,0,2.2668,"6","15,8,8,8,8,8,8,6,6,6,12,12,12,16,7,7,7","12:20,12:53","11,211"
11,507,0.294724,-0.590746,0.831159,0.492225,-0.72445,1.19178,36.3125,38.4599,0.874727,0.472495,2.77306,0,0,-3.88416,"6","15,8,8,8,8,8,8,6,6,6,12,12,16,7,7,7","12:18,12:48","11,211"
11,4213,0.639484,0.0847377,0.79841,1.12566,0.793981,1.91809,35.6844,38.9364,-0.661355,4.65033,1.57296,0,0,-4.25979,"6","15,8,8,8,8,8,8,6,6,6,12,12,12,16,7,7,7","12:20,12:52","11,211,2112,2112"
11,3430,0.288965,-0.614905,0.851848,1.10393,-1.16073,4.94116,17.962,38.5752,1.12806,0.559597,4.99129,0,0,-4.12552,"6","15,8,8,8,8,8,8,6,6,6,12,12,12,16,7,7,7","12:19,12:50","11,211,2112,22,2112,2112,2112,2112"
11,1494,-0.0725272,0.71049,0.90404,-0.075973,0.722875,0.911815,38.5602,38.3083,-0.217053,-0.0556393,-1.00771,0,0,-2.33213,"6","15,8,8,8,8,8,8,6,6,6,12,12,12,16,7,7,7","12:21,12:54","11,211"
11,1246,0.56506,0.337423,0.825236,0.449371,0.272,0.91629,29.8242,38.5729,-0.573612,0.891863,6.9287,0,0,-0.370348,"6","15,8,8,8,8,8,8,6,6,6,12,12,12,16,7,7,7","12:21,12:54","11,211,22"
11,2101,-0.733653,0.0588641,0.930005,-0.722059,0.065933,0.916891,38.3364,38.3583,0.0733947,0.54424,-1.30423,0,0,0.243513,"6","15,8,8,8,8,8,8,6,6,6,12,12,12,16,7,7,7","12:19,12:50","11,211"
11,4850,-0.359106,0.579605,0.850052,-0.449669,0.939731,3.31393,17.4512,38.7335,0.526604,0.297556,9.81407,0,0,-2.17932,"6","15,8,8,8,8,8,8,6,6,6,12,12,16,7,7,7","12:18,12:47","11,211,2112,2112,2112"
11,1996,-0.513897,0.46727,0.881925,-2.62492,1.90227,4.05118,38.6666,38.2227,8.60705,9.43724,-12.6352,0,0,-4.95154,"6","15,8,8,8,8,8,8,6,6,6,12,12,16,7,7,7","12:15,12:39","11,211,2112,22"
11,3085,0.442186,-0.487562,0.817788,3.31644,-1.60818,4.44802,39.6464,38.8296,-1.60605,-1.41188,-10.3892,0,0,5.26658,"6","15,8,8,8,8,8,8,6,6,6,12,12,16,7,7,7","12:18,12:47","11,211,2112,2112,2112,2112,2112,2112"
11,530,-0.598318,-0.254416,0.820382,-0.615054,-0.418968,1.01969,36.123,38.3973,0.208335,-0.403203,4.28041,0,0,-3.81218,"6","15,8,8,8,8,8,8,6,6,6,12,12,12,16,7,7,7","12:20,12:52","11,211,2112,22,22"
11,1801,-0.590124,0.32291,0.846709,-0.881368,0.331624,1.35462,34.806,38.4665,1.91066,3.42715,3.25001,0,0,1.68487,"6","15,8,8,8,8,8,8,6,6,6,12,12,12,16,7,7,7","12:19,12:49","11,211,2112"
11,1104,0.674909,0.21885,0.901543,0.68069,0.231636,0.932149,37.6452,38.2024,0.315501,-1.07661,-1.20952,0,0,-3.65093,"6","15,8,8,8,8,8,8,6,6,6,12,12,12,16,7,7,7","12:20,12:51","11,211"
11,3121,-0.0322426,0.725333,0.922612,0.50734,1.20229,0.904491,55.2732,38.201,10.1807,0.436888,-8.32152,0,0,-3.34022,"6","15,8,8,8,8,8,8,6,6,6,12,12,16,7,7,7","12:17,12:44","11,211,2112,22"
11,302,0.637829,0.286265,0.866836,0.745163,0.405993,1.24767,34.221,38.887,3.0545,-6.83814,5.18416,0,0,-0.867566,"6","15,8,8,8,8,8,8,6,6,6,12,12,16,7,7,7","12:18","11,211,22"
11,171,0.360279,0.631685,0.921786,0.272679,0.543372,1.00728,31.1135,38.2702,-1.30904,0.710347,1.83667,0,0,-1.63509,"6","15,8,8,8,8,8,8,6,6,6,12,12,12,16,7,7,7","12:49","11,211"
11,3799,-0.486038,-0.539381,0.909106,-0.662644,-2.70952,4.9912,29.199,38.6128,4.31292,-3.82267,6.83533,0,0,-2.76183,"6","15,8,8,8,8,8,8,6,6,6,12,12,12,16,7,7,7","12:23,12:59","11,211,2112,2112,22,2112,2112,2112,2112,2112"
11,37,-0.217221,-0.637364,0.85008,-0.206209,-0.634542,0.890124,36.854,38.3833,-3.00474,1.0548,-1.97575,0,0,-3.29702,"6","15,8,8,8,8,8,8,6,6,6,12,12,16,7,7,7","12:18,12:47","11,211"
11,1280,-0.466646,0.468241,0.843456,-0.560725,0.496468,0.902289,39.6937,38.0879,-0.769016,-0.810298,-6.72039,0,0,-2.78195,"6","15,8,8,8,8,8,8,6,6,6,12,12,12,16,7,7,7","12:50","11,211,22"
11,893,0.628127,0.334038,0.889041,0.543904,0.392293,0.998467,33.8871,38.6674,0.265495,-0.553205,-0.791666,0,0,-5.2767,"6","15,8,8,8,8,8,8,6,6,6,12,12,12,16,7,7,7","12:21,12:54","11,211,22,22,22"
11,2237,-0.0187961,-0.637427,0.815299,-0.698336,-1.40706,2.74559,29.775,38.0315,-5.68977,0.194067,6.12558,0,0,0.86398,"6","15,8,8,8,8,8,8,6,6,6,12,12,16,7,7,7","12:17,12:46","11,211,2112,2112,2112,2112"
11,4330,0.624039,0.219479,0.822779,0.558719,-0.289455,0.912057,34.6026,38.7991,2.20638,-6.38697,0.568209,0,0,-1.49805,"6","15,8,8,8,8,8,8,6,6,6,12,12,16,7,7,7","12:17,12:45","11,211,22,2112"
11,4067,0.630716,-0.257197,0.853549,0.597802,-0.920141,4.29448,14.333,38.5902,-1.00886,-2.37262,11.6901,0,0,-3.49401,"6","15,8,8,8,8,8,8,6,6,6,12,12,12,16,7,7,7","12:20,12:52","11,211,22,22,22,22,22,22"
11,4776,0.616037,0.116641,0.784591,0.693495,0.24107,0.875569,39.9812,38.629,0.710631,-3.97113,-17.9303,0,0,-4.05185,"6","15,8,8,8,8,8,8,6,6,6,12,12,16,7,7,7","12:15,12:41","11,211,22"
11,2376,0.61678,-0.0941593,0.791596,0.546475,-0.029917,0.775913,35.1974,38.2447,-1.00504,-6.35108,0.183262,0,0,-0.677988,"6","15,8,8,8,8,8,8,6,6,6,12,12,16,7,7,7","12:38","11,211,2112,22"
11,1933,-0.47939,0.471973,0.842657,-0.570879,0.489483,0.943496,38.5559,38.6021,-0.236593,-0.286399,-3.92329,0,0,2.72599,"6","15,8,8,8,8,8,8,6,6,6,12,12,12,16,7,7,7","12:20,12:51","11,211,2112,2112,22,22"
11,3552,-0.47321,0.559718,0.92322,-0.972588,0.757392,1.59224,37.747,38.4462,-2.69845,-2.32621,-0.0168625,0,0,2.03047,"6","15,8,8,8,8,8,8,6,6,6,12,12,12,16,7,7,7","12:20,12:53","11,211,22"
11,4191,-0.410864,0.528212,0.85116,-0.838079,0.680803,1.17299,42.63,38.1748,2.84161,2.16735,-20.4261,0,0,-4.50801,"6","15,8,8,8,8,8,8,6,6,6,12,12,16,7,7,7","12:16,12:42","11,211,22,22"
11,3440,-0.552569,0.47138,0.903005,-0.577579,0.4752,0.966223,37.7429,38.8108,0.0965709,0.0741127,-1.58311,0,0,-3.13743,"6","15,8,8,8,8,8,8,6,6,6,12,12,12,16,7,7,7","12:21,12:54","11,211,22,22"
11,2702,-0.371893,0.515436,0.79597,-0.277425,0.491065,0.850286,33.5571,38.6079,7.1969,5.17119,5.64221,0,0,0.198394,"6","15,8,8,8,8,8,8,6,6,6,12,12,16,7,7,7","12:15,12:39","11,211,2112,22"
11,1675,0.688791,0.240315,0.90432,0.642811,0.241865,1.04693,33.2656,38.8929,4.05232,-11.6567,0.350673,0,0,-0.432604,"6","15,8,8,8,8,8,8,6,6,6,12,12,16,7,7,7","12:17,12:44","11,211,22"
11,1682,-0.314407,-0.548473,0.786665,-2.31811,1.64761,3.12467,42.3075,38.7869,-38.3608,22.0008,44.2617,0,0,-3.86418,"6","15,6,6,6,12,12,16,7,7,7","12:4,12:16","11,211,2112,22,2112,2112"
11,3850,0.605792,-0.365763,0.903981,0.620122,-0.37111,0.934301,37.7221,38.0543,-0.0289887,0.0267316,-0.157025,0,0,0.923315,"6","15,8,8,8,8,8,8,6,6,6,12,12,12,16,7,7,7","12:21,12:53","11,211"
11,1626,-0.233017,-0.698778,0.923425,-0.233524,-0.733714,1.00484,37.4619,38.5789,0.012365,0.022269,-3.36604,0,0,-1.54306,"6","15,8,8,8,8,8,8,6,6,6,12,12,12,16,7,7,7","12:20,12:51","11,211,22"
11,4938,-0.239023,0.589057,0.796234,0.295407,1.02333,2.17015,26.1419,38.6035,2.59827,1.00756,-0.32944,0,0,-3.4586,"6","15,8,8,8,8,8,8,6,6,6,12,12,16,7,7,7","12:16,12:43","11,211,22,2112,22,22,2112,2112"
11,2275,-0.461708,0.421358,0.796406,-0.505696,0.433308,0.839323,38.4296,38.1272,-0.796203,-0.910397,-1.98478,0,0,-4.72264,"6","15,8,8,8,8,8,8,6,6,6,12,12,12,16,7,7,7","12:19,12:50","11,211,22"
11,4108,-0.545911,0.457959,0.881512,-0.571189,0.462089,0.936235,38.1226,38.9501,-0.46933,-0.592919,0.625283,0,0,-1.11121,"6","15,8,8,8,8,8,8,6,6,6,12,12,12,16,7,7,7","12:21,12:54","11,211"
11,407,-0.593554,-0.363541,0.88819,-0.594979,-0.367706,0.903801,37.7356,38.0843,0.154732,-0.194952,0.667437,0,0,-2.76414,"6","15,8,8,8,8,8,8,6,6,6,12,12,12,16,7,7,7","12:21,12:53","11,211"
11,2605,-0.665237,0.131559,0.8505,-0.915783,0.087526,1.21825,37.0581,38.5661,-0.0453402,-0.31956,-0.866847,0,0,-5.4918,"6","15,8,8,8,8,8,8,6,6,6,12,12,12,16,7,7,7","12:19,12:50","11,211"
11,2644,0.202693,0.602326,0.812102,0.201451,0.607745,0.820782,37.9565,38.0452,-0.33706,0.0864313,-0.00309572,0,0,0.726241,"6","15,8,8,8,8,8,8,6,6,6,12,12,16,7,7,7","12:18,12:48","11,211"
11,291,-0.466529,0.457569,0.831952,-0.528205,0.464422,0.914177,37.5736,38.1483,-0.656662,-0.729324,-4.37652,0,0,-5.33022,"6","15,8,8,8,8,8,8,6,6,6,12,12,12,16,7,7,7","12:19,12:50","11,211,2112,2112"
11,662,0.108132,0.650948,0.826356,0.156796,0.324936,1.02984,19.3072,38.6083,1.26814,-0.24899,3.49916,0,0,-2.11915,"6","15,8,8,8,8,8,8,6,6,6,12,12,12,16,7,7,7","12:20,12:51","11,211,2112,2112"
11,982,-0.640529,-0.0729932,0.823417,-0.572093,-0.131263,0.879451,33.7197,38.0583,0.127692,-0.770459,-0.264955,0,0,-3.46841,"6","15,8,8,8,8,8,8,6,6,6,12,12,16,7,7,7","12:47","11,211"
11,2276,-0.525647,0.419268,0.853165,-0.510127,0.428532,0.873561,37.3315,38.2416,0.788909,0.920787,-0.349946,0,0,-1.35065,"6","15,8,8,8,8,8,8,6,6,6,12,12,12,16,7,7,7","12:19,12:50","11,211,2112"
11,4512,-0.501584,0.450229,0.832706,-0.545157,0.457834,0.889573,38.6695,38.9875,0.559853,0.574795,-3.40599,0,0,-3.48557,"6","15,8,8,8,8,8,8,6,6,6,12,12,12,16,7,7,7","12:20,12:51","11,211,22,22,22,22"
11,4494,-0.425389,0.465352,0.795912,-0.92671,1.79006,7.67358,14.7181,38.3845,0.90977,0.80139,11.885,0,0,-4.00784,"6","15,8,8,8,8,8,8,6,6,6,12,12,16,7,7,7","12:18,12:47","11,211,2112,2112,22,22,22"
11,3013,-0.467127,0.423155,0.801956,-0.506138,0.437656,0.818355,39.2707,38.1653,0.088736,0.0693191,-1.94683,0,0,-4.01091,"6","15,8,8,8,8,8,8,6,6,6,12,12,12,16,7,7,7","12:19,12:49","11,211,2112"
11,4109,0.0245435,-0.700705,0.868043,-0.077324,-0.699175,0.944316,36.6831,38.9285,-1.86894,-0.040032,5.17486,0,0,-3.70301,"6","15,8,8,8,8,8,8,6,6,6,12,12,12,16,7,7,7","12:53","11,211,2112"
11,625,-0.528008,0.465039,0.885621,-0.58035,0.485209,0.933478,39.0202,38.4661,0.00970392,-0.0406381,-1.83053,0,0,-1.75568,"6","15,8,8,8,8,8,8,6,6,6,12,12,12,16,7,7,7","12:20,12:52","11,211"
11,3148,0.712266,0.212761,0.928961,0.750951,0.268626,1.04872,37.253,38.6672,-0.675519,2.12158,2.16147,0,0,1.67426,"6","15,8,8,8,8,8,8,6,6,6,12,12,12,16,7,7,7","12:21,12:55","11,211,22"
11,1201,-0.187797,-0.651607,0.840635,0.220101,-2.40425,4.17849,30.019,38.8927,3.62561,-1.02228,7.26539,0,0,-5.96208,"6","15,8,8,8,8,8,8,6,6,6,12,12,12,16,7,7,7","12:54","11,211,2112"
11,3991,-0.238099,-0.636529,0.867811,-0.235014,-0.641243,0.880628,37.7946,38.0653,0.184636,-0.0295037,-0.905331,0,0,-1.78833,"6","15,8,8,8,8,8,8,6,6,6,12,12,16,7,7,7","12:19,12:48","11,211"
11,3232,-0.481393,-0.400907,0.800728,-0.588847,-1.57674,2.7144,31.8016,38.0388,-3.69101,4.47665,-18.3185,0,0,-6.14046,"6","15,8,8,8,8,8,8,6,6,6,12,12,16,7,7,7","","11,211,2112"
11,2783,-0.0203333,0.708913,0.891383,-0.492212,3.10983,5.50272,29.7773,38.5065,-0.163267,-0.0305823,2.18941,0,0,-4.145,"6","15,8,8,8,8,8,8,6,6,6,12,12,12,16,7,7,7","12:21,12:55","11,211,2112,2112,2112,2112,2112,22,22"
11,796,-0.571107,0.472548,0.933848,-0.608393,0.489317,0.997407,38.0532,38.4414,0.128414,0.0832662,-3.66365,0,0,-2.72502,"6","15,8,8,8,8,8,8,6,6,6,12,12,12,16,7,7,7","12:21,12:53","11,211,22"
11,1790,0.248179,0.673966,0.91065,0.238057,0.692496,0.919134,38.5442,38.262,-0.089531,0.0158675,-0.728055,0,0,-7.18104,"6","15,8,8,8,8,8,8,6,6,6,12,12,12,16,7,7,7","12:19,12:49","11,211"
11,1802,-0.486739,0.395399,0.787826,-0.493475,0.393711,0.78937,38.6506,38.5194,0.0250777,-0.0312328,-1.03698,0,0,-6.29927,"6","15,8,8,8,8,8,8,6,6,6,12,12,12,16,7,7,7","12:19,12:50","11,211"
11,3392,-0.649349,-0.298913,0.883909,0.09796,-1.13528,1.54735,36.3687,38.9635,4.10794,-8.84728,7.87066,0,0,-3.20478,"6","15,8,8,8,8,8,8,6,6,6,12,12,12,16,7,7,7","12:1","11,211,2112,2112,2112,2112"
11,182,0.497288,-0.437093,0.838642,2.26722,-1.23767,4.88261,27.8802,38.2898,0.721919,0.880928,3.36262,0,0,-1.05235,"6","15,8,8,8,8,8,8,6,6,6,12,12,12,16,7,7,7","12:20,12:52","11,211,22,22,22,22,2112"
11,423,-0.50884,0.421023,0.843366,-0.507446,0.424908,0.839273,38.2594,38.0644,0.256595,0.281993,-1.61799,0,0,-2.80331,"6","15,8,8,8,8,8,8,6,6,6,12,12,12,16,7,7,7","12:50","11,211"
11,3338,-0.547873,0.509932,0.927075,-0.617981,0.524728,1.00525,38.8852,38.9152,-0.427495,-0.511057,-0.571764,0,0,-3.95528,"6","15,8,8,8,8,8,8,6,6,6,12,12,12,16,7,7,7","12:21,12:54","11,211,22,22"
11,490,0.697089,0.250736,0.936838,0.720665,0.268761,1.00778,37.3512,38.3354,-0.0897809,0.191269,-0.750199,0,0,-2.83981,"6","15,8,8,8,8,8,8,6,6,6,12,12,12,16,7,7,7","12:21,12:53","11,211,2112,22,22"
11,1373,0.698502,-0.0525804,0.892025,0.660072,-0.072509,0.955008,34.8119,38.1414,-0.591018,-7.37707,2.60224,0,0,-1.15686,"6","15,8,8,8,8,8,8,6,6,6,12,12,16,7,7,7","12:16,12:42","11,211,2112,22,2112"
11,1602,0.189636,-0.644624,0.830228,0.084912,-0.526403,0.812835,33.2643,38.9847,-14.0572,-4.10613,6.77081,0,0,-3.84959,"6","15,8,8,8,8,8,8,6,6,6,12,12,16,7,7,7","12:14","11,211,2112,2112,2112"
11,4805,0.535028,0.506401,0.916308,0.585874,0.198597,1.02567,31.0956,38.7981,1.29081,-1.38803,-1.06473,0,0,-1.44707,"6","15,8,8,8,8,8,8,6,6,6,12,12,12,16,7,7,7","12:20,12:52","11,211,2112"
11,4345,-0.604902,0.354785,0.891652,-0.41656,0.473707,0.991156,32.4742,38.1845,1.64212,2.74002,0.238886,0,0,1.1383,"6","15,8,8,8,8,8,8,6,6,6,12,12,12,16,7,7,7","12:19,12:50","11,211,2112,2112,2112"
11,3084,-0.455663,-0.513669,0.850775,-0.494937,-0.729255,1.17081,36.9712,38.9065,-0.98722,0.920268,0.237568,0,0,-2.73725,"6","15,8,8,8,8,8,8,6,6,6,12,12,12,16,7,7,7","12:19,12:50","11,211,22"
11,2497,-0.504881,0.450879,0.860202,-0.525675,0.435283,0.88114,37.7601,38.1996,-0.197289,-0.24767,-0.754905,0,0,-1.83402,"6","15,8,8,8,8,8,8,6,6,6,12,12,12,16,7,7,7","12:20,12:51","11,211,22,22,22"
11,1851,0.600243,0.190912,0.778563,0.709626,0.273641,0.978428,37.8589,38.9735,0.00955655,-0.166086,7.35471,0,0,-2.34905,"6","15,8,8,8,8,8,8,6,6,6,12,12,12,16,7,7,7","12:20,12:51","11,211,2112"
11,4830,0.201744,0.651828,0.853179,-0.325039,3.04184,3.93618,37.854,38.6512,-10.6225,3.24603,7.61718,0,0,-4.30785,"6","15,8,8,8,8,8,8,6,6,6,12,12,12,16,7,7,7","12:23,12:60","11,211,2112,22,22"
11,3480,-0.550429,0.488572,0.924647,-0.619935,0.501225,1.0112,38.2517,38.5185,-0.137266,-0.186135,-4.11705,0,0,-3.46743,"6","15,8,8,8,8,8,8,6,6,6,12,12,12,16,7,7,7","12:20,12:54","11,211,22"
11,96,0.696428,0.226379,0.921632,0.746897,0.26691,0.980543,38.9692,38.4695,-0.321235,0.837941,-3.08481,0,0,-6.99364,"6","15,8,8,8,8,8,8,6,6,6,12,12,12,16,7,7,7","12:21,12:53","11,211,22"
11,3224,-0.433992,-0.57511,0.905543,-0.615383,-3.8687,4.92913,38.4753,38.5072,5.9534,-4.44819,-1.29835,0,0,-0.037186,"6","15,8,8,8,8,8,8,6,6,6,12,12,12,16,7,7,7","12:56","11,211,22,2112,22"
11,4870,-0.26414,-0.635012,0.859401,-0.545823,-1.12593,2.19707,29.6621,38.6694,-0.0405379,0.0380319,1.77021,0,0,-2.23149,"6","15,8,8,8,8,8,8,6,6,6,12,12,16,7,7,7","12:19,12:48","11,211,2112,22,22,22,22,22,22,22,22"
11,912,0.189249,0.697047,0.911827,0.562182,0.301032,1.11286,29.8141,38.3836,11.8861,-3.25924,7.07526,0,0,1.09037,"6","15,8,8,8,8,8,8,6,6,6,12,12,16,7,7,7","12:16,12:41","11,211,2112"
11,1302,-0.50248,0.429042,0.839111,-0.49992,0.418611,0.865197,37.0028,38.2174,1.27513,1.46177,-0.445293,0,0,-4.49539,"6","15,8,8,8,8,8,8,6,6,6,12,12,12,16,7,7,7","12:19,12:49","11,211,2112,2112"
11,961,-0.448564,0.488593,0.84139,-0.783893,0.621872,1.42448,35.0856,38.249,0.187596,0.147881,2.4563,0,0,2.10622,"6","15,8,8,8,8,8,8,6,6,6,12,12,12,16,7,7,7","12:19,12:49","11,211"
11,1972,-0.445988,0.456686,0.807881,-0.653622,0.524947,1.14285,36.2615,38.3133,-0.104482,-0.143034,0.835834,0,0,-5.90916,"6","15,8,8,8,8,8,8,6,6,6,12,12,12,16,7,7,7","12:19,12:49","11,211"
11,3998,-0.629589,0.0199043,0.785365,-2.17273,-0.243046,4.12555,27.9208,38.7314,-0.0180594,-1.2381,6.40744,0,0,-5.81979,"6","15,8,8,8,8,8,8,6,6,6,12,12,16,7,7,7","12:18,12:47","11,211,2112,2112,22,22,2112"
11,2746,-0.0649699,0.614349,0.789038,-0.063512,0.614533,0.796076,37.8138,38.0591,0.507134,0.0325114,-0.411926,0,0,-1.57999,"6","15,8,8,8,8,8,8,6,6,6,12,12,16,7,7,7","12:19,12:48","11,211,2112,22,2112,2112"
11,1477,-0.549713,0.495473,0.938887,1.37158,1.98136,5.57068,23.3924,38.246,2.74832,2.99572,4.2867,0,0,-3.22154,"6","15,8,8,8,8,8,8,6,6,6,12,12,12,16,7,7,7","12:19,12:49","11,211,22,2112,2112,2112,22,22"
11,1705,-0.521223,0.432963,0.864306,-0.531848,0.440435,0.88121,38.0832,38.0955,0.27408,0.259162,-0.551357,0,0,0.235841,"6","15,8,8,8,8,8,8,6,6,6,12,12,12,16,7,7,7","12:20,12:51","11,211"
11,4303,-0.161813,-0.608719,0.804169,-0.157617,-0.610175,0.810855,37.8547,38.0695,-0.184776,0.0730239,-0.401273,0,0,-5.5376,"6","15,8,8,8,8,8,8,6,6,6,12,12,16,7,7,7","12:19,12:48","11,211"
11,2514,-0.550097,0.462813,0.906847,-0.585687,0.484431,0.962238,38.3051,38.4051,0.0731258,0.0490712,-0.836287,0,0,-1.46761,"6","15,8,8,8,8,8,8,6,6,6,12,12,12,16,7,7,7","12:53","11,211,22"
11,4572,-0.716709,0.0917342,0.91283,-0.720942,0.093002,0.940571,37.6985,38.3636,0.170264,1.04619,1.04707,0,0,-8.6684,"6","15,8,8,8,8,8,8,6,6,6,12,12,12,16,7,7,7","12:19,12:50","11,211"
11,357,-0.540481,0.466676,0.891414,-0.593333,0.486028,0.938186,39.2667,38.6968,-0.232366,-0.334819,-3.38993,0,0,-5.3689,"6","15,8,8,8,8,8,8,6,6,6,12,12,12,16,7,7,7","12:21,12:53","11,211,22,22"
11,4664,0.62167,0.167813,0.811253,0.639383,0.221182,0.842446,38.7676,38.4403,-0.329897,1.15126,-2.83587,0,0,0.359157,"6","15,8,8,8,8,8,8,6,6,6,12,12,12,16,7,7,7","12:51","11,211,2112,2112,2112,2112,22"
11,2089,0.698068,-0.0740582,0.885405,0.697584,-0.077959,0.90661,37.7482,38.4088,-0.0812802,-0.464728,-0.507853,0,0,-2.51521,"6","15,8,8,8,8,8,8,6,6,6,12,12,16,7,7,7","12:19,12:49","11,211,22"
11,2560,0.361601,0.582691,0.856831,0.363327,0.583493,0.867171,38.4022,38.6723,0.638459,-0.443221,0.128824,0,0,-6.99257,"6","15,8,8,8,8,8,8,6,6,6,12,12,16,7,7,7","12:18,12:46","11,211,2112"
11,2928,0.297142,-0.62734,0.871233,1.21177,-2.05814,3.81971,32.0168,38.546,-2.26728,-1.05312,3.5483,0,0,-1.26955,"6","15,8,8,8,8,8,8,6,6,6,12,12,16,7,7,7","12:18,12:47","11,211,22"
11,1832,-0.442064,0.471968,0.812739,-0.632646,0.554128,1.18083,35.4592,38.5079,1.59977,1.46358,5.78356,0,0,-8.56051,"6","15,8,8,8,8,8,8,6,6,6,12,12,16,7,7,7","12:18,12:48","11,211,2112,2112,2112"
11,98,-0.032594,0.641845,0.817825,-0.104323,0.806678,1.18449,34.4777,38.1614,3.87824,0.159026,6.85045,0,0,-1.6934,"6","15,8,8,8,8,8,8,6,6,6,12,12,16,7,7,7","12:19,12:48","11,211"
11,2383,0.635872,0.116735,0.798692,0.86867,0.355607,1.21646,37.6544,38.9883,-0.456063,2.264,-2.93224,0,0,-0.696116,"6","15,8,8,8,8,8,8,6,6,6,12,12,12,16,7,7,7","12:20,12:51","11,211"
11,599,0.16704,-0.620652,0.803889,-0.936587,-1.90378,4.25232,26.5168,38.6435,-10.318,-2.74351,10.3885,0,0,-5.45557,"6","15,8,8,8,8,8,8,6,6,6,12,12,16,7,7,7","12:15,12:41","11,211,2112,22,2112,22"
11,2723,-0.463845,0.437068,0.807341,-0.533338,0.454802,0.87687,38.637,38.2879,-0.945564,-1.06316,-3.38969,0,0,-3.32262,"6","15,8,8,8,8,8,8,6,6,6,12,12,12,16,7,7,7","12:19,12:51","11,211,2112,22"
11,1444,0.0949973,-0.631115,0.805249,0.481742,-0.926992,1.83849,29.6068,38.3997,3.74858,0.597504,4.41464,0,0,-1.65126,"6","15,8,8,8,8,8,8,6,6,6,12,12,12,16,7,7,7","12:55","11,211,2112"
11,787,-0.403467,0.523695,0.830294,-2.31325,1.52831,3.37143,39.4324,38.5273,1.93106,1.45176,-5.21585,0,0,-1.6629,"6","15,8,8,8,8,8,8,6,6,6,12,12,16,7,7,7","12:17,12:46","11,211,2112,2112,22"
11,4074,0.60171,0.383871,0.905167,0.602407,0.385141,0.921729,37.8014,38.2561,0.0281942,-0.12157,-0.269528,0,0,-2.56129,"6","15,8,8,8,8,8,8,6,6,6,12,12,12,16,7,7,7","12:21,12:54","11,211,22"
11,3087,-0.214438,0.634292,0.83852,-0.295675,0.742021,1.14252,34.9581,38.6074,4.84065,1.59709,7.37701,0,0,-3.26672,"6","15,8,8,8,8,8,8,6,6,6,12,12,16,7,7,7","12:48","11,211,2112"
11,3900,-0.525037,0.411236,0.843901,-0.534265,0.407405,0.846002,38.4558,38.3186,-0.161309,-0.250855,-1.02498,0,0,-0.985929,"6","15,8,8,8,8,8,8,6,6,6,12,12,12,16,7,7,7","12:20,12:52","11,211"
11,1252,-0.226423,-0.619205,0.839431,-0.221794,-0.666959,0.895553,38.1264,38.1467,0.353175,-0.0998041,-3.73646,0,0,-1.04059,"6","15,8,8,8,8,8,8,6,6,6,12,12,16,7,7,7","12:18,12:48","11,211,2112,22"
11,2490,-0.572947,-0.273052,0.801535,-0.872506,-0.788325,1.96085,30.9505,38.3735,1.06125,-2.17321,3.74671,0,0,-4.36331,"6","15,8,8,8,8,8,8,6,6,6,12,12,12,16,7,7,7","12:21,12:55","11,211,2112,22,22"
11,3331,-0.636689,0.0359753,0.809579,-0.641139,0.048722,0.896055,35.6623,38.2275,0.244377,3.94539,5.64851,0,0,-5.90175,"6","15,8,8,8,8,8,8,6,6,6,12,12,16,7,7,7","12:16,12:42","11,211,22"
11,352,0.522188,0.395989,0.835877,0.25255,0.107232,1.2458,12.4204,38.0975,0.180701,-0.266696,36.8112,0,0,-3.14085,"6","15,6,6,6,12,12,12,16,7,7,7","12:20,12:52","11,211"
11,897,-0.487171,0.479495,0.86799,-0.588049,0.485116,0.932759,39.2584,38.2211,-1.81005,-1.86488,-3.03441,0,0,-2.59768,"6","15,8,8,8,8,8,8,6,6,6,12,12,12,16,7,7,7","12:20,12:53","11,211,22"
11,78,-0.0336291,-0.72392,0.913111,0.171782,-0.801526,2.83994,16.1004,38.4376,0.927304,0.00236243,8.61979,0,0,-1.70832,"6","15,8,8,8,8,8,8,6,6,6,12,12,12,16,7,7,7","12:22,12:55","11,211,2112,2112,22"
11,4465,0.244823,0.683515,0.918774,0.229933,0.742656,1.00488,37.7278,38.3167,-1.71625,0.585036,-0.336884,0,0,-4.8815,"6","15,8,8,8,8,8,8,6,6,6,12,12,12,16,7,7,7","12:20,12:51","11,211,22"
11,3853,0.213682,0.601869,0.79981,1.41658,1.77055,5.45867,22.5577,38.6086,1.0434,-0.401297,2.71209,0,0,-2.23255,"6","15,8,8,8,8,8,8,6,6,6,12,12,16,7,7,7","12:18,12:48","11,211,22,22,2112,2112,2112"
11,2917,-0.645774,-0.353804,0.936608,-2.63322,-2.7073,5.18569,36.0655,38.1737,1.63104,-2.9417,11.9367,0,0,-2.16988,"6","15,8,8,8,8,8,8,6,6,6,12,12,12,16,7,7,7","12:23,12:58","11,211,2112,2112,2112"
11,494,0.572964,0.353407,0.844875,0.707892,0.571399,1.27957,35.4115,38.5476,1.73577,-2.89346,1.72251,0,0,-5.20553,"6","15,8,8,8,8,8,8,6,6,6,12,12,12,16,7,7,7","12:50","11,211"
11,3519,0.598532,0.220252,0.813618,0.60566,0.217257,0.826319,37.9076,38.0918,-0.209941,0.452585,-1.13704,0,0,-2.12103,"6","15,8,8,8,8,8,8,6,6,6,12,12,12,16,7,7,7","12:50","11,211"
11,3965,-0.656757,0.10743,0.831544,-0.671337,0.072851,0.851361,38.4206,38.6703,-0.0443678,-0.562201,-0.520315,0,0,-2.00268,"6","15,8,8,8,8,8,8,6,6,6,12,12,12,16,7,7,7","12:19,12:49","11,211"
11,1956,-0.648044,0.00992693,0.828914,-0.707427,-0.159482,1.16833,31.8279,38.0215,0.179901,9.65447,-10.0138,0,0,-3.82619,"6","15,8,8,8,8,8,8,6,6,6,12,12,16,7,7,7","12:13,12:36","11,211,2112"
11,2811,-0.502225,0.438804,0.8495,-0.466952,0.46816,0.891798,36.5551,38.1344,0.599878,0.659159,0.0426875,0,0,-1.28879,"6","15,8,8,8,8,8,8,6,6,6,12,12,12,16,7,7,7","12:19,12:50","11,211,2112"
11,2450,0.355902,-0.538701,0.812936,0.265987,-0.484488,0.881621,32.0842,38.4573,-0.852417,-0.521877,-0.0376851,0,0,-5.44403,"6","15,8,8,8,8,8,8,6,6,6,12,12,16,7,7,7","12:17,12:45","11,211,2112"
11,3493,-0.487474,0.419052,0.816594,-0.508517,0.428879,0.854264,37.9084,38.2103,0.153031,0.114259,-1.96297,0,0,-2.29339,"6","15,8,8,8,8,8,8,6,6,6,12,12,12,16,7,7,7","12:19,12:50","11,211,2112,22,22"
11,2186,0.630113,-0.404196,0.932268,3.75728,-0.112309,4.63872,39.0194,38.7644,5.68246,8.9598,0.0918448,0,0,-3.50962,"6","15,8,8,8,8,8,8,6,6,6,12,12,12,16,7,7,7","12:1","11,211,22,2112,22,2112,22,2112,2112,2112,2112,22"
11,3944,-0.171533,0.656366,0.846415,-0.343279,0.624298,0.858199,39.6985,38.7125,3.63949,0.934469,-0.979543,0,0,-6.54653,"6","15,8,8,8,8,8,8,6,6,6,12,12,16,7,7,7","12:18,12:48","11,211,2112,22"
11,3824,-0.698206,0.0840016,0.888721,-0.69841,0.086785,0.903308,37.9227,38.3544,0.10029,0.651243,-0.465716,0,0,0.218382,"6","15,8,8,8,8,8,8,6,6,6,12,12,12,16,7,7,7","12:19,12:49","11,211"
11,1700,-0.447302,0.434811,0.796703,-0.512063,0.457011,0.849965,38.9207,38.0606,-0.225813,-0.272475,-2.70982,0,0,-1.35613,"6","15,8,8,8,8,8,8,6,6,6,12,12,12,16,7,7,7","12:19,12:49","11,211,2112,22"
11,1220,0.387614,-0.520174,0.803956,1.79704,-0.761282,2.57059,37.2064,38.9,7.23153,5.42568,-1.93908,0,0,-2.67586,"6","15,8,8,8,8,8,8,6,6,6,12,12,12,16,7,7,7","12:21,12:55","11,211,22,22"
11,3298,0.24789,-0.699044,0.921274,0.218424,-1.20783,1.69998,35.83,38.8367,-2.92858,-1.01468,-0.510969,0,0,-3.72177,"6","15,8,8,8,8,8,8,6,6,6,12,12,12,16,7,7,7","12:19,12:50","11,211,2112,2112,22"
11,2816,-0.706915,-0.148495,0.919744,-0.660895,-1.08115,2.02868,31.9896,38.1452,1.55624,-7.19946,4.90709,0,0,-2.9498,"6","15,8,8,8,8,8,8,6,6,6,12,12,12,16,7,7,7","12:21,12:55","11,211,2112"
11,4523,0.609835,-0.334948,0.863843,0.551443,-0.254364,0.946557,32.683,38.849,0.388147,0.740503,3.05217,0,0,-3.80396,"6","15,8,8,8,8,8,8,6,6,6,12,12,12,16,7,7,7","12:22,12:55","11,211,2112,2112"
11,4512,0.0750996,-0.692133,0.890967,0.302809,-1.06187,1.50884,36.1975,38.0038,0.324893,0.0681371,4.52528,0,0,-3.35867,"6","15,8,8,8,8,8,8,6,6,6,12,12,12,16,7,7,7","12:54","11,211"
11,3175,0.647874,0.225698,0.850847,0.68318,0.254888,0.909986,38.7055,38.8802,-0.184672,0.456496,-0.59914,0,0,0.597157,"6","15,8,8,8,8,8,8,6,6,6,12,12,12,16,7,7,7","12:20,12:53","11,211,2112,2112,2112"
11,323,-0.63741,0.221767,0.836535,-1.44025,-0.125338,2.63486,28.7527,38.8954,-1.77254,-5.17251,8.67126,0,0,-2.54739,"6","15,8,8,8,8,8,8,6,6,6,12,12,12,16,7,7,7","12:60","11,211,2112"
11,1129,0.182786,-0.625373,0.815441,1.73726,-3.89236,4.68862,42.2742,38.6249,-3.06789,-0.851643,-8.14377,0,0,-5.29153,"6","15,8,8,8,8,8,8,6,6,6,12,12,16,7,7,7","12:16,12:43","11,211,2112,2112,22"
11,3107,-0.0600128,0.617246,0.792385,-1.18946,1.54124,2.37029,39.3983,38.0483,-10.2378,-1.02925,5.55427,0,0,-3.0215,"6","15,8,8,8,8,8,8,6,6,6,12,12,12,16,7,7,7","12:61","11,211,2112,22,2112,2112"
11,2253,0.603469,-0.286791,0.842673,0.709045,-0.544872,0.787663,48.6252,38.4107,-0.30414,-0.591295,-4.67884,0,0,-7.87407,"6","15,8,8,8,8,8,8,6,6,6,12,12,12,16,7,7,7","12:19,12:51","11,211,2112,2112,22"
11,950,0.271341,-0.622956,0.846872,0.428348,-0.768214,1.25722,34.977,38.7417,-3.76332,-1.61797,5.39905,0,0,-6.51893,"6","15,8,8,8,8,8,8,6,6,6,12,12,16,7,7,7","12:18,12:46","11,211,22"
11,3461,-0.488973,0.458914,0.839169,-0.571203,0.481343,0.94304,38.3823,38.6289,-0.858156,-0.958751,-0.417388,0,0,-2.85609,"6","15,8,8,8,8,8,8,6,6,6,12,12,12,16,7,7,7","12:20,12:52","11,211"
11,4107,-0.481242,0.425852,0.808791,-0.481146,0.428861,0.835169,37.6588,38.4681,0.5217,0.558502,-0.681736,0,0,0.445706,"6","15,8,8,8,8,8,8,6,6,6,12,12,12,16,7,7,7","12:19,12:50","11,211,2112,2112,22,22"
11,736,-0.670323,0.20872,0.885911,-0.66902,0.290821,0.887552,39.4174,38.3961,0.549819,1.71433,-0.706177,0,0,-5.93881,"6","15,8,8,8,8,8,8,6,6,6,12,12,12,16,7,7,7","12:20,12:51","11,211"
11,1071,0.161025,-0.72446,0.930303,1.30545,-1.95255,2.82655,39.7253,38.5807,5.44107,1.25737,-0.671885,0,0,-7.28044,"6","15,8,8,8,8,8,8,6,6,6,12,12,12,16,7,7,7","12:23,12:59","11,211,2112,2112,22,22,22"
11,667,-0.634934,-0.214396,0.852999,-0.689735,-0.257788,1.06739,34.5998,38.1548,-1.67719,5.09113,5.19855,0,0,-4.34001,"6","15,8,8,8,8,8,8,6,6,6,12,12,16,7,7,7","12:18,12:46","11,211"
11,3454,-0.329264,0.649659,0.904872,-0.23712,0.609229,0.966846,34.0652,38.8307,1.57677,0.752998,6.58896,0,0,1.88498,"6","15,8,8,8,8,8,8,6,6,6,12,12,12,16,7,7,7","12:19,12:50","11,211,22"
11,15,0.67155,0.0879886,0.862203,1.95287,0.629667,3.14867,33.0908,38.1508,-0.0210052,-0.0947876,4.70239,0,0,-2.9561,"6","15,8,8,8,8,8,8,6,6,6,12,12,16,7,7,7","12:18,12:47","11,211,2112,2112,2112,2112"
11,4881,-0.588889,-0.37981,0.891769,-0.607938,-0.384503,0.984871,36.1435,38.16,-1.88817,2.96769,4.88702,0,0,-2.24971,"6","15,8,8,8,8,8,8,6,6,6,12,12,12,16,7,7,7","12:20,12:51","11,211"
11,135,-0.19645,0.637595,0.836199,-0.164028,0.613609,0.891811,35.4588,38.5851,6.55621,2.0001,3.66266,0,0,-3.76534,"6","15,8,8,8,8,8,8,6,6,6,12,12,16,7,7,7","12:17,12:44","11,211,2112,2112"
11,633,0.665787,0.206649,0.890932,0.696529,0.247385,0.971893,37.2542,38.0418,-0.247767,0.676333,-1.92887,0,0,-2.30502,"6","15,8,8,8,8,8,8,6,6,6,12,12,12,16,7,7,7","12:20,12:52","11,211,22,22"
11,3755,0.0961432,-0.699477,0.87992,0.10268,-0.703749,0.901265,38.2774,38.7438,-0.161357,0.0052725,-0.317215,0,0,-3.52666,"6","15,8,8,8,8,8,8,6,6,6,12,12,12,16,7,7,7","12:54","11,211,2112"
11,452,-0.581142,0.471602,0.932334,-0.616134,0.477469,0.966259,38.8933,38.7554,-0.520662,-0.704099,-0.542518,0,0,-4.34185,"6","15,8,8,8,8,8,8,6,6,6,12,12,12,16,7,7,7","12:21,12:55","11,211"
11,1965,0.643542,0.175514,0.841678,0.691254,0.237711,0.913384,38.6704,38.3975,-0.322509,1.11233,-1.72187,0,0,-4.46939,"6","15,8,8,8,8,8,8,6,6,6,12,12,12,16,7,7,7","12:20,12:51","11,211,22"
11,2253,0.669318,0.194662,0.861438,0.725005,0.268404,0.935043,39.5839,38.9788,-0.626137,2.09376,-3.47706,0,0,-3.50735,"6","15,8,8,8,8,8,8,6,6,6,12,12,12,16,7,7,7","12:21,12:54","11,211,22"
11,2745,-0.195329,0.619304,0.829977,0.250937,0.301426,1.1934,18.193,38.0398,3.49306,1.06649,6.87959,0,0,-1.42935,"6","15,8,8,8,8,8,8,6,6,6,12,12,16,7,7,7","12:18,12:46","11,211,2112,2112"
11,2273,-0.470881,0.416957,0.778534,-0.483747,0.420268,0.832293,37.5938,38.9337,-0.351797,-0.433161,-1.11228,0,0,-6.69022,"6","15,8,8,8,8,8,8,6,6,6,12,12,12,16,7,7,7","12:20,12:51","11,211,22"
11,4079,-0.510675,0.47207,0.870035,-0.562932,0.48132,0.932884,38.4473,38.6362,-0.151953,-0.205597,-3.01872,0,0,-1.0697,"6","15,8,8,8,8,8,8,6,6,6,12,12,12,16,7,7,7","12:20,12:52","11,211,22,2112,22"
11,1691,0.652524,-0.1676,0.837226,0.734267,-0.045934,0.93459,38.2096,38.8232,0.691345,2.86621,-2.64254,0,0,-2.6958,"6","15,8,8,8,8,8,8,6,6,6,12,12,12,16,7,7,7","12:20,12:53","11,211,2112,22"
11,2159,-0.0962213,0.723644,0.926826,-0.089165,0.718353,0.943604,37.4928,38.2257,1.4007,0.164578,0.0654717,0,0,-1.66003,"6","15,8,8,8,8,8,8,6,6,6,12,12,12,16,7,7,7","12:21,12:53","11,211"
11,1557,-0.630157,-0.248198,0.845437,-2.91544,-0.087983,4.73327,31.6425,38.698,-1.1435,2.99721,1.6956,0,0,-2.83511,"6","15,8,8,8,8,8,8,6,6,6,12,12,12,16,7,7,7","12:19,12:50","11,211,2112,22,22,2112,2112,2112,2112,22"
11,3831,-0.566164,0.440099,0.914822,-0.566731,0.4417,0.919174,38.0151,38.0917,0.49953,0.580024,-2.46253,0,0,-3.25818,"6","15,8,8,8,8,8,8,6,6,6,12,12,12,16,7,7,7","12:20,12:52","11,211,22,2112,2112"
11,11,0.0592428,0.692799,0.870188,0.323804,1.3885,2.75122,27.3944,38.6267,3.39136,-0.308081,2.88744,0,0,-3.76513,"6","15,8,8,8,8,8,8,6,6,6,12,12,12,16,7,7,7","12:20,12:51","11,211,22,22,2112"
11,396,-0.485678,0.421649,0.807447,-0.584536,0.488986,0.857527,41.6279,38.5391,0.382909,0.392166,-4.26146,0,0,2.09939,"6","15,8,8,8,8,8,8,6,6,6,12,12,12,16,7,7,7","12:19,12:50","11,211,22"
11,4864,-0.55915,-0.352589,0.838267,-0.561838,-0.354778,0.839574,38.3597,38.2584,0.190257,-0.261801,-0.551443,0,0,-3.57196,"6","15,8,8,8,8,8,8,6,6,6,12,12,12,16,7,7,7","12:20,12:52","11,211"
11,903,-0.511642,0.472709,0.878707,-0.574779,0.495438,0.951639,38.5688,38.4052,-0.37259,-0.456411,-1.92677,0,0,-1.60552,"6","15,8,8,8,8,8,8,6,6,6,12,12,12,16,7,7,7","12:20,12:52","11,211,2112,22"
11,1799,-0.499644,0.550174,0.934299,-1.39726,1.07447,2.1767,38.9993,38.5007,0.912652,0.802025,-6.72987,0,0,-1.66256,"6","15,8,8,8,8,8,8,6,6,6,12,12,12,16,7,7,7","12:51","11,211,22,22,22,2112,22"
11,1688,-0.52474,0.527508,0.922475,-0.614878,0.542398,1.01356,38.9711,38.8891,-1.15983,-1.17793,-1.49405,0,0,-5.56207,"6","15,8,8,8,8,8,8,6,6,6,12,12,12,16,7,7,7","12:21,12:54","11,211,22"
11,4723,-0.214742,0.664162,0.863471,-0.409833,1.47336,6.41337,13.412,38.9515,-0.705795,-0.253224,12.0431,0,0,-4.14297,"6","15,8,8,8,8,8,8,6,6,6,12,12,12,16,7,7,7","12:21,12:55","11,211,2112,2112,2112,22,2112,2112,22,2112,2112,2112"
11,3995,0.602676,0.211739,0.814982,0.615778,0.209324,0.823247,38.3095,38.0896,-0.198048,0.47895,-0.423735,0,0,-2.26105,"6","15,8,8,8,8,8,8,6,6,6,12,12,12,16,7,7,7","12:50","11,211"
11,3152,0.502105,0.434177,0.824483,2.07856,2.83714,6.26444,29.3114,38.8375,8.33466,-9.68766,21.59,0,0,-5.7087,"6","15,8,8,8,8,8,8,6,6,6,12,12,16,7,7,7","","11,211,22,22,2112,22,2112,22,2112,22,22,22,22"
11,4771,0.00429591,-0.641241,0.793594,0.359185,-1.08592,7.29575,8.90994,38.9396,0.519318,0.0432895,17.7659,0,0,-2.39803,"6","15,8,8,8,8,8,8,6,6,6,12,12,12,16,7,7,7","12:55","11,211,22,22,22"
11,908,0.124061,-0.684264,0.875265,0.206644,-1.79794,4.15044,23.5594,38.468,-0.666759,-0.0796922,6.08613,0,0,-2.84885,"6","15,8,8,8,8,8,8,6,6,6,12,12,12,16,7,7,7","12:53","11,211,2112,2112,2112,22,22,2112"
11,570,0.634618,0.264291,0.864279,0.69202,0.248333,0.934149,38.2048,38.4989,3.6276,-8.79836,-10.9276,0,0,-7.6234,"6","15,8,8,8,8,8,8,6,6,6,12,12,16,7,7,7","12:16,12:42","11,211,2112,22"
11,934,0.419371,-0.539744,0.846119,0.311387,-0.541454,0.921212,34.1384,38.9322,-0.342829,-0.221567,0.411297,0,0,-3.20802,"6","15,8,8,8,8,8,8,6,6,6,12,12,12,16,7,7,7","12:19,12:49","11,211,2112,22"
11,2352,0.655736,0.333068,0.915263,0.706472,0.264009,1.00569,36.867,38.7842,2.95682,-5.90458,-6.18328,0,0,-1.92613,"6","15,8,8,8,8,8,8,6,6,6,12,12,12,16,7,7,7","12:49","11,211,2112,22,2112,22"
11,4194,-0.471079,0.54555,0.913029,-1.46503,1.13062,2.21513,39.8762,38.2894,0.980534,0.821813,-4.84672,0,0,-2.63684,"6","15,8,8,8,8,8,8,6,6,6,12,12,12,16,7,7,7","12:19,12:49","11,211,22"
11,1828,0.611492,0.191749,0.806231,0.636308,0.229103,0.858342,38.2349,38.4802,-0.227801,0.624406,-2.71392,0,0,-3.63693,"6","15,8,8,8,8,8,8,6,6,6,12,12,12,16,7,7,7","12:50","11,211,22"
11,3427,0.656416,-0.0321966,0.820329,0.733901,0.004374,1.01235,35.9407,38.6999,-0.122963,-1.73633,5.88315,0,0,0.878875,"6","15,8,8,8,8,8,8,6,6,6,12,12,16,7,7,7","12:18,12:46","11,211"
11,1062,-0.597364,-0.384024,0.908283,-0.604057,-0.392587,0.922424,37.9902,38.0205,-0.075737,0.196782,-1.03227,0,0,-0.048521,"6","15,8,8,8,8,8,8,6,6,6,12,12,12,16,7,7,7","12:21,12:53","11,211"
11,3306,-0.489113,0.406155,0.795676,-2.40903,1.71797,2.94888,45.0968,38.6256,-0.74895,-0.938592,-2.40519,0,0,-1.44028,"6","15,8,8,8,8,8,8,6,6,6,12,12,12,16,7,7,7","12:20,12:51","11,211,2112,2112,2112,22"
11,4580,0.500616,0.381487,0.802306,0.4711,0.350149,0.825067,35.4291,38.1139,3.09217,-4.11857,-0.948365,0,0,-5.5038,"6","15,8,8,8,8,8,8,6,6,6,12,12,16,7,7,7","12:17,12:44","11,211,22"
11,4040,-0.64479,-0.0752582,0.805064,-0.564437,-0.151466,0.857017,34.2904,38.8811,0.352512,-2.69631,3.27645,0,0,-6.7757,"6","15,8,8,8,8,8,8,6,6,6,12,12,12,16,7,7,7","12:19,12:50","11,211"
11,3810,-0.505718,0.474755,0.878272,-2.124,2.30539,4.81423,33.0692,38.3011,1.62362,1.67214,3.2586,0,0,-3.4718,"6","15,8,8,8,8,8,8,6,6,6,12,12,12,16,7,7,7","12:19,12:49","11,211,2112,2112,22,2112"
11,1010,0.545365,-0.307477,0.78777,0.506515,-0.772804,0.79489,49.2957,38.4755,-4.55724,-8.01262,-9.89592,0,0,-2.24123,"6","15,8,8,8,8,8,8,6,6,6,12,12,16,7,7,7","12:14,12:38","11,211,2112,2112"
11,3920,-0.377343,0.502361,0.800788,-0.391398,0.493021,0.851576,36.4722,38.1176,2.05963,1.52592,-0.122464,0,0,-1.9926,"6","15,8,8,8,8,8,8,6,6,6,12,12,16,7,7,7","12:44","11,211,2112,22,22"
11,4487,-0.219746,0.591176,0.798266,-0.228056,0.598933,0.818018,38.0772,38.3116,0.159039,0.0315855,-0.0222067,0,0,-3.28254,"6","15,8,8,8,8,8,8,6,6,6,12,12,16,7,7,7","12:18,12:46","11,211"
11,831,0.0928853,-0.667529,0.835076,1.30217,-1.53474,3.50674,29.8541,38.9058,9.36164,1.32537,7.23757,0,0,-3.61691,"6","15,8,8,8,8,8,8,6,6,6,12,12,12,16,7,7,7","12:1","11,211,2112"
11,2201,0.370007,-0.526454,0.822452,3.22376,-1.72996,4.83306,37.1256,38.0391,4.66328,3.32322,-1.28302,0,0,-0.56698,"6","15,8,8,8,8,8,8,6,6,6,12,12,12,16,7,7,7","12:19,12:50","11,211,2112,22,2112,2112,22,22"
11,2592,0.703066,0.271101,0.932982,0.675461,0.219224,1.01463,34.9885,38.9261,-0.0642885,0.116212,0.473137,0,0,-3.76443,"6","15,8,8,8,8,8,8,6,6,6,12,12,12,16,7,7,7","12:21,12:55","11,211,22"
11,356,0.611344,-0.198467,0.806543,0.991746,-0.083111,1.4173,35.0764,38.5521,-0.733459,-2.21019,-2.32974,0,0,-2.78896,"6","15,8,8,8,8,8,8,6,6,6,12,12,16,7,7,7","12:18,12:47","11,211,22"
11,327,-0.692332,-0.219999,0.925057,0.423937,-1.45066,7.30269,11.6926,38.1425,0.979533,-2.94864,15.6987,0,0,-2.11575,"6","15,8,8,8,8,8,8,6,6,6,12,12,12,16,7,7,7","12:21,12:53","11,211,22,2112,22,2112,22,22,22,22"
11,4851,0.633272,0.153953,0.82757,1.33169,0.539995,1.83443,38.0736,38.2206,-2.07302,8.35017,16.3612,0,0,-2.76141,"6","15,8,8,8,8,8,8,6,6,6,12,12,12,16,7,7,7","12:21,12:55","11,211,2112,22"
11,4086,-0.570541,0.487601,0.932362,-0.741401,0.58428,1.11972,40.1319,38.8327,2.17623,2.48284,-9.30138,0,0,-0.706516,"6","15,8,8,8,8,8,8,6,6,6,12,12,12,16,7,7,7","12:20,12:51","11,211,22"
11,928,0.646731,0.190106,0.842824,0.564216,0.089487,0.913867,32.01,38.6529,0.436576,-1.56776,0.570534,0,0,-4.74329,"6","15,8,8,8,8,8,8,6,6,6,12,12,12,16,7,7,7","12:20,12:50","11,211,2112"
11,3697,-0.583412,0.388386,0.888594,-0.477751,0.387279,0.952613,32.8462,38.2641,1.60532,2.36421,-0.462962,0,0,-5.56965,"6","15,8,8,8,8,8,8,6,6,6,12,12,12,16,7,7,7","12:19,12:50","11,211"
11,227,-0.66067,-0.148428,0.836929,-1.58342,-0.415037,2.98196,28.7641,38.9755,-0.283782,1.33315,3.61327,0,0,-2.96005,"6","15,8,8,8,8,8,8,6,6,6,12,12,12,16,7,7,7","12:19,12:49","11,211,2112"
11,522,0.228206,0.66112,0.87758,0.215916,0.629494,0.912414,36.1062,38.5535,3.89063,-1.3801,-1.55413,0,0,-3.39086,"6","15,8,8,8,8,8,8,6,6,6,12,12,16,7,7,7","12:18,12:47","11,211"
11,3909,-0.533087,0.411474,0.848358,-0.535347,0.403583,0.85536,38.0893,38.4422,-0.215021,-0.342392,-0.36835,0,0,-7.04667,"6","15,8,8,8,8,8,8,6,6,6,12,12,12,16,7,7,7","12:20,12:52","11,211,2112"
11,330,-0.0605419,0.674561,0.859822,-2.42759,2.84172,4.89217,37.3787,38.2271,-8.70494,-0.814716,1.73941,0,0,1.12886,"6","15,8,8,8,8,8,8,6,6,6,12,12,12,16,7,7,7","12:61","11,211,22"
11,306,-0.492788,0.403454,0.806908,-0.499136,0.40883,0.820775,38.1703,38.2834,0.143502,0.148184,-1.26971,0,0,-3.38037,"6","15,8,8,8,8,8,8,6,6,6,12,12,12,16,7,7,7","12:19,12:50","11,211"
11,4961,-0.230333,-0.639343,0.856722,-0.218269,-0.683935,0.912345,38.199,38.4221,1.15199,-0.379421,-2.0725,0,0,0.086342,"6","15,8,8,8,8,8,8,6,6,6,12,12,12,16,7,7,7","12:19,12:50","11,211,2112,22"
11,4877,0.646666,0.190838,0.847997,0.692976,0.249504,0.917033,38.77,38.488,-0.564974,1.79508,-1.18655,0,0,-2.58668,"6","15,8,8,8,8,8,8,6,6,6,12,12,12,16,7,7,7","12:20,12:53","11,211,2112,22"
11,2435,0.012843,-0.63929,0.818392,0.009454,-0.648405,0.901697,35.7226,38.0009,-3.43152,-0.0310508,2.23812,0,0,-4.36358,"6","15,8,8,8,8,8,8,6,6,6,12,12,16,7,7,7","12:18,12:47","11,211,22"
11,3892,-0.543675,0.483473,0.923106,-0.562291,0.484389,0.934316,38.4614,38.2436,-0.363122,-0.450201,-0.902871,0,0,-1.85629,"6","15,8,8,8,8,8,8,6,6,6,12,12,12,16,7,7,7","12:20,12:53","11,211,2112"
11,3987,-0.540489,0.4608,0.890404,-0.568792,0.486344,0.969113,37.676,38.5787,0.12158,0.0710915,-2.77191,0,0,-5.69894,"6","15,8,8,8,8,8,8,6,6,6,12,12,12,16,7,7,7","12:20,12:53","11,211,2112,22,22"
11,545,0.707144,0.247274,0.935365,0.742037,0.28875,1.01538,38.1028,38.6911,-0.211286,0.544827,-1.25702,0,0,-2.60631,"6","15,8,8,8,8,8,8,6,6,6,12,12,12,16,7,7,7","12:21,12:54","11,211,22,22"
11,230,0.638793,0.210284,0.848479,0.671835,0.240992,0.913546,38.0004,38.4008,-0.29434,0.825752,-2.35319,0,0,0.835803,"6","15,8,8,8,8,8,8,6,6,6,12,12,12,16,7,7,7","12:20,12:52","11,211,22"
11,4590,0.699571,0.218319,0.914138,0.7582,0.279463,0.98853,39.2639,38.7184,-0.190232,0.486521,-3.08689,0,0,-2.65854,"6","15,8,8,8,8,8,8,6,6,6,12,12,12,16,7,7,7","12:21,12:53","11,211,22"
11,4384,-0.228901,-0.648989,0.880288,-0.227134,-0.648697,0.894263,37.5451,38.0168,-0.232221,0.117599,-0.848946,0,0,-3.12357,"6","15,8,8,8,8,8,8,6,6,6,12,12,12,16,7,7,7","12:19,12:48","11,211"
11,891,-0.511882,0.428989,0.853334,-0.428434,0.477424,0.880927,36.0614,38.049,1.38649,1.61557,0.0188988,0,0,-4.69747,"6","15,8,8,8,8,8,8,6,6,6,12,12,12,16,7,7,7","12:19,12:49","11,211"
11,637,-0.695917,0.0953182,0.894362,-1.13011,-0.038684,1.55333,36.0533,38.1454,-0.0640013,-0.594738,4.67265,0,0,0.986686,"6","15,8,8,8,8,8,8,6,6,6,12,12,12,16,7,7,7","12:20,12:51","11,211,22"
11,71,0.230404,0.631854,0.846662,0.229753,0.637814,0.858555,38.2954,38.4621,-0.0770776,0.00385411,-0.644407,0,0,-10.9149,"6","15,8,8,8,8,8,8,6,6,6,12,12,12,16,7,7,7","12:19,12:49","11,211,2112"
11,1177,-0.246157,-0.676918,0.9134,-0.241421,-0.682038,0.932137,37.8179,38.2585,-0.475759,0.200468,-0.293888,0,0,-2.84627,"6","15,8,8,8,8,8,8,6,6,6,12,12,12,16,7,7,7","12:19,12:49","11,211"
11,1456,-0.471126,0.455566,0.816639,-0.543793,0.470161,0.890659,38.9074,38.7474,-0.0856349,-0.153096,-3.15216,0,0,-2.17851,"6","15,8,8,8,8,8,8,6,6,6,12,12,12,16,7,7,7","12:20,12:51","11,211,22"
11,4241,0.599155,0.180913,0.795686,0.620565,0.219846,0.832828,38.3266,38.1879,-0.24203,0.665075,-2.15765,0,0,-6.48427,"6","15,8,8,8,8,8,8,6,6,6,12,12,12,16,7,7,7","12:50","11,211,22"
11,4154,-0.20539,-0.642108,0.849757,-0.079418,-0.277304,1.17661,13.7747,38.4268,0.246694,-0.0299367,12.282,0,0,-2.75911,"6","15,8,8,8,8,8,8,6,6,6,12,12,12,16,7,7,7","12:19,12:49","11,211,22"
11,172,0.271243,-0.56755,0.781535,0.335806,-0.613444,1.02635,34.2701,38.8296,-5.76213,-2.71404,5.37844,0,0,-2.57914,"6","15,8,8,8,8,8,8,6,6,6,12,12,16,7,7,7","12:40","11,211"
11,4971,-0.647556,-0.304835,0.911896,-1.17386,1.93486,1.67487,53.4957,38.1272,-5.42978,11.5982,4.77172,0,0,-5.12052,"6","15,8,8,8,8,8,8,6,6,6,12,12,16,7,7,7","12:16,12:42","11,211,2112,2112"
11,451,-0.497313,0.42895,0.834333,-0.509713,0.429867,0.844371,38.2972,38.2082,0.338833,0.355456,-1.49342,0,0,-3.07853,"6","15,8,8,8,8,8,8,6,6,6,12,12,12,16,7,7,7","12:19,12:50","11,211,2112"
11,892,0.547331,0.478134,0.919972,0.577107,0.540449,0.96894,39.2145,38.3081,0.334722,-0.407937,-4.43484,0,0,0.383554,"6","15,8,8,8,8,8,8,6,6,6,12,12,12,16,7,7,7","12:20,12:52","11,211,2112,2112,22,2112,22"
11,4840,0.672141,-0.0927758,0.866353,0.674196,-0.0821,0.87572,37.7958,38.0675,0.0120292,0.228868,-1.94956,0,0,-2.9854,"6","15,8,8,8,8,8,8,6,6,6,12,12,16,7,7,7","12:18,12:48","11,211"
11,4738,0.669034,-0.0984465,0.853895,0.671992,-0.095935,0.860916,38.2547,38.3773,-0.043829,-0.0731528,-0.253673,0,0,-0.798963,"6","15,8,8,8,8,8,8,6,6,6,12,12,16,7,7,7","12:19,12:48","11,211,2112"
11,2123,0.70061,-0.104618,0.885228,1.16415,0.538129,2.08813,31.5579,38.6675,1.01556,7.10931,7.56753,0,0,-0.179998,"6","15,8,8,8,8,8,8,6,6,6,12,12,12,16,7,7,7","12:23,12:60","11,211,2112,22"
11,524,-0.599802,0.389914,0.909554,-0.511149,0.430437,0.952632,35.0485,38.1864,0.965372,1.42543,-0.756124,0,0,-4.30561,"6","15,8,8,8,8,8,8,6,6,6,12,12,12,16,7,7,7","12:20,12:52","11,211,22,22"
11,4852,0.553219,0.350553,0.82866,0.551108,0.3498,0.841821,37.79,38.3212,0.404146,-0.693022,-0.508028,0,0,-6.56548,"6","15,8,8,8,8,8,8,6,6,6,12,12,12,16,7,7,7","12:20,12:51","11,211,2112,2112"
11,2612,-0.548986,0.445917,0.902532,-0.563555,0.451797,0.928173,37.8898,38.0839,-0.131266,-0.196707,-1.61319,0,0,-3.40404,"6","15,8,8,8,8,8,8,6,6,6,12,12,12,16,7,7,7","12:20,12:52","11,211,2112"
11,32,-0.448409,0.523002,0.875756,-2.71099,1.43776,3.8893,38.2734,38.1904,-2.44735,-2.15614,-5.64683,0,0,1.69591,"6","15,8,8,8,8,8,8,6,6,6,12,12,12,16,7,7,7","12:20,12:51","11,211,2112,22,22,22,22,2112,22,2112,2112,22"
11,1298,-0.703544,-0.0300214,0.900405,-0.599762,0.079829,0.988985,31.4579,38.0281,-0.420724,10.3808,7.72136,0,0,-3.47527,"6","15,8,8,8,8,8,8,6,6,6,12,12,16,7,7,7","12:15,12:39","11,211"
11,3656,0.0903847,-0.678915,0.861597,0.080862,-0.612458,0.915809,34.0022,38.4821,0.161271,0.0519925,-0.586254,0,0,-6.78286,"6","15,8,8,8,8,8,8,6,6,6,12,12,12,16,7,7,7","12:20,12:53","11,211,22,2112,2112"
11,1105,-0.530692,0.490791,0.904467,-0.641438,0.538327,1.00253,39.8716,38.6318,-3.31412,-3.61528,-2.39181,0,0,-2.97066,"6","15,8,8,8,8,8,8,6,6,6,12,12,12,16,7,7,7","12:22,12:57","11,211,22"
11,4096,0.657456,-0.0682394,0.837964,1.14799,0.573584,2.74967,25.0192,38.2664,0.747882,7.65739,10.9243,0,0,-4.02988,"6","15,8,8,8,8,8,8,6,6,6,12,12,12,16,7,7,7","12:22,12:57","11,211,2112,2112,2112,2112,2112"
11,3418,-0.598214,0.387814,0.898224,-0.546083,0.353208,0.955764,34.2336,38.4391,5.16833,7.9296,-1.80778,0,0,-1.85495,"6","15,8,8,8,8,8,8,6,6,6,12,12,16,7,7,7","12:46","11,211,22"
11,415,-0.63306,0.244345,0.852072,-3.53427,0.24587,4.52495,38.0591,38.5333,-0.369683,-1.08749,-4.16506,0,0,-3.69299,"6","15,8,8,8,8,8,8,6,6,6,12,12,12,16,7,7,7","12:20,12:52","11,211,2112,2112,22"
11,3721,-0.377299,0.529482,0.830716,-1.50432,1.15172,2.21527,40.5384,38.0485,5.70986,4.02942,-17.5672,0,0,-4.76177,"6","15,8,8,8,8,8,8,6,6,6,12,12,16,7,7,7","12:39","11,211,22,22"
11,4850,-0.664077,0.0402747,0.828175,-2.04369,1.07115,7.0991,18.0055,38.7759,0.167224,2.46106,8.17472,0,0,-2.2589,"6","15,8,8,8,8,8,8,6,6,6,12,12,16,7,7,7","12:18,12:47","11,211,22,22,22,22,22,22,22"
11,4781,-0.205541,-0.60693,0.808448,-0.208235,-0.618337,0.819851,38.5137,38.4009,0.309253,-0.0622891,-0.362063,0,0,-2.02053,"6","15,8,8,8,8,8,8,6,6,6,12,12,12,16,7,7,7","12:19,12:49","11,211,2112,22"
11,964,-0.473897,0.418772,0.784593,-0.834367,0.752843,1.0986,45.6499,38.8703,-0.525483,-0.658782,-1.95024,0,0,-4.32544,"6","15,8,8,8,8,8,8,6,6,6,12,12,12,16,7,7,7","12:20,12:51","11,211,2112,2112,2112,2112,2112,22"
11,1245,0.637311,-0.355558,0.915893,0.606982,-0.3351,0.945798,36.2441,38.5479,1.05567,1.96363,7.27473,0,0,-6.06888,"6","15,8,8,8,8,8,8,6,6,6,12,12,12,16,7,7,7","12:22,12:57","11,211"
11,3415,-0.491967,0.394367,0.791389,-0.499705,0.396861,0.791241,38.8857,38.5453,0.233668,0.242871,-1.2721,0,0,-5.70803,"6","15,8,8,8,8,8,8,6,6,6,12,12,12,16,7,7,7","12:19,12:50","11,211"
11,2347,-0.557518,0.422964,0.888152,-0.562635,0.425408,0.901431,38.0427,38.2357,0.322149,0.388212,-0.477941,0,0,-2.45048,"6","15,8,8,8,8,8,8,6,6,6,12,12,12,16,7,7,7","12:20,12:52","11,211"
11,4880,-0.500558,0.473817,0.876046,-0.563815,0.484716,0.953336,37.9515,38.1946,-0.478441,-0.528436,-3.08924,0,0,-4.7872,"6","15,8,8,8,8,8,8,6,6,6,12,12,12,16,7,7,7","12:20,12:51","11,211,22"
11,2534,0.553068,0.339711,0.816847,0.554526,0.336005,0.814972,38.5053,38.4707,0.182554,-0.339091,-0.559359,0,0,-6.05421,"6","15,8,8,8,8,8,8,6,6,6,12,12,12,16,7,7,7","12:20,12:51","11,211"
11,542,0.707161,0.119167,0.892821,0.674721,0.300794,1.00576,36.2973,38.7721,-0.441962,2.35949,-3.20828,0,0,0.655995,"6","15,8,8,8,8,8,8,6,6,6,12,12,12,16,7,7,7","12:20,12:52","11,211,22,22"
11,4981,-0.362635,0.536476,0.824988,-1.08292,1.31946,4.93326,19.0861,38.1287,-1.7728,-1.24135,4.49365,0,0,-3.47327,"6","15,8,8,8,8,8,8,6,6,6,12,12,16,7,7,7","12:18,12:47","11,211,2112,2112,2112"
11,2042,-0.643002,-0.156118,0.821877,-0.764886,-0.231686,1.13214,35.2193,38.8371,-0.79993,3.43812,6.54441,0,0,-6.28563,"6","15,8,8,8,8,8,8,6,6,6,12,12,16,7,7,7","12:18,12:47","11,211"
11,3999,-0.465115,0.557443,0.901745,-0.679499,0.578268,1.05411,40.2462,38.8377,-3.14838,-2.65387,-5.49364,0,0,-4.51047,"6","15,8,8,8,8,8,8,6,6,6,12,12,12,16,7,7,7","12:21,12:53","11,211,22"
11,2781,0.739463,-0.0843406,0.933697,0.731805,-0.089816,0.988405,36.7209,38.5586,-0.39579,-3.31898,3.04245,0,0,-4.5872,"6","15,8,8,8,8,8,8,6,6,6,12,12,12,16,7,7,7","12:19,12:49","11,211,22"
11,6,0.240123,0.673252,0.91268,0.237643,0.683476,0.924763,38.0426,38.0673,-0.258257,0.0473656,-0.745096,0,0,1.12444,"6","15,8,8,8,8,8,8,6,6,6,12,12,12,16,7,7,7","12:19,12:49","11,211,2112,2112,2112,22,2112"
11,2737,-0.193618,0.691993,0.897352,-0.130847,0.772385,0.944743,39.6658,38.6866,-0.096257,-0.0477737,-4.43227,0,0,-0.219781,"6","15,8,8,8,8,8,8,6,6,6,12,12,12,16,7,7,7","12:20,12:52","11,211,22"
11,4336,0.573849,0.319247,0.820454,1.87456,1.08403,3.40617,32.4457,38.6731,0.530127,-0.986625,3.30239,0,0,-3.62693,"6","15,8,8,8,8,8,8,6,6,6,12,12,12,16,7,7,7","12:20,12:52","11,211,2112,2112,2112,22,2112"
11,1605,0.684856,0.242186,0.921385,1.88594,-1.71879,2.57526,44.7364,38.2521,2.6026,-7.47216,2.35285,0,0,-4.42906,"6","15,8,8,8,8,8,8,6,6,6,12,12,16,7,7,7","12:18,12:46","11,211,22"
11,4354,-0.491666,0.449922,0.839579,-0.546134,0.453086,0.901584,38.2053,38.4425,0.0031103,-0.0330105,-2.2709,0,0,-0.651252,"6","15,8,8,8,8,8,8,6,6,6,12,12,12,16,7,7,7","12:20,12:51","11,211,22"
11,4416,0.617099,-0.0979154,0.795504,0.625397,-0.096692,0.81114,37.9603,38.1474,-0.0761346,-0.306411,-0.214297,0,0,-2.84669,"6","15,8,8,8,8,8,8,6,6,6,12,12,16,7,7,7","12:17,12:45","11,211,22"
11,4511,-0.47701,0.43029,0.804635,-0.534571,0.430613,0.867315,38.3598,38.6033,-1.61733,-1.82858,-0.541346,0,0,-6.14846,"6","15,8,8,8,8,8,8,6,6,6,12,12,12,16,7,7,7","12:20,12:53","11,211,22"
11,2394,0.603346,0.378289,0.906802,0.589929,0.377288,0.913436,37.4745,38.1433,-0.143327,0.141323,-0.65799,0,0,-3.25107,"6","15,8,8,8,8,8,8,6,6,6,12,12,12,16,7,7,7","12:21,12:54","11,211"
11,2514,-0.461881,0.444065,0.801666,-0.536172,0.455249,0.875068,38.792,38.6333,-1.47165,-1.59834,-2.60797,0,0,-4.51032,"6","15,8,8,8,8,8,8,6,6,6,12,12,12,16,7,7,7","12:20,12:52","11,211,2112,22"
11,4643,-0.411143,0.597362,0.907144,-0.885746,0.69807,1.16997,43.9475,38.6391,-8.73167,-6.05224,-1.51615,0,0,-1.06075,"6","15,8,8,8,8,8,8,6,6,6,12,12,12,16,7,7,7","12:21,12:54","11,211,22"
11,4303,-0.101399,0.63621,0.804446,-0.069057,0.552743,0.88637,32.1473,38.6894,13.4308,2.11423,3.56377,0,0,-2.80605,"6","15,8,8,8,8,8,8,6,6,6,12,12,16,7,7,7","12:14,12:38","11,211,2112,2112,2112,22"
11,2843,-0.259052,-0.703135,0.928804,-0.237183,-0.771026,0.998834,38.9252,38.8958,0.771255,-0.25933,-4.77105,0,0,-4.83474,"6","15,8,8,8,8,8,8,6,6,6,12,12,12,16,7,7,7","12:20,12:51","11,211,2112,22"
11,3866,0.118686,0.702847,0.909419,0.607453,0.160043,1.11742,29.3435,38.0891,58.8387,-9.96019,63.9338,0,0,0.552507,"6","15,6,6,6,12,12,16,7,7,7","12:14,12:38","11,211"
11,4376,-0.405856,-0.48379,0.783515,-0.356609,-0.107524,1.05934,19.3718,38.8675,-1.36163,1.18687,1.91319,0,0,-0.526849,"6","15,8,8,8,8,8,8,6,6,6,12,12,16,7,7,7","12:18,12:46","11,211,2112,22"
11,626,-0.520637,0.404516,0.838255,-0.592726,0.500477,0.933019,39.7418,38.1862,2.11686,2.65671,-8.29175,0,0,-6.41873,"6","15,8,8,8,8,8,8,6,6,6,12,12,16,7,7,7","12:18,12:47","11,211,2112,2112,2112,2112,22"
11,2204,-0.660178,0.175201,0.867507,-1.5614,-0.099583,2.68249,30.253,38.2151,-0.788308,-3.0965,6.17071,0,0,-0.887475,"6","15,8,8,8,8,8,8,6,6,6,12,12,12,16,7,7,7","12:22,12:56","11,211,2112,22,2112,22,22,22"
11,2012,0.21392,0.60825,0.823727,0.210117,0.616605,0.843451,37.68,38.052,-0.199226,0.044712,-0.0397406,0,0,-5.68512,"6","15,8,8,8,8,8,8,6,6,6,12,12,16,7,7,7","12:18","11,211,22"
11,1292,0.281992,-0.695218,0.9309,0.499892,-2.66091,4.52274,30.9061,38.8661,-5.60877,-2.25835,1.47597,0,0,-1.62036,"6","15,8,8,8,8,8,8,6,6,6,12,12,16,7,7,7","12:18,12:48","11,211,2112,2112,2112,2112,2112,2112,2112,2112"
11,1531,-0.708038,-0.19895,0.932253,-0.802222,0.123152,1.12436,35.8235,38.2701,-0.673632,2.51091,-3.37196,0,0,-1.64934,"6","15,8,8,8,8,8,8,6,6,6,12,12,12,16,7,7,7","12:19,12:50","11,211,22"
11,2189,0.631825,0.185999,0.840586,0.675686,0.233459,0.922703,37.7674,38.0802,-0.895747,2.97137,-0.591596,0,0,-2.83966,"6","15,8,8,8,8,8,8,6,6,6,12,12,12,16,7,7,7","12:20,12:53","11,211,2112,22"
11,696,-0.456192,0.433047,0.795275,-0.577527,0.487165,0.885544,40.4712,38.3412,-3.23024,-3.44417,-1.43593,0,0,-3.54191,"6","15,8,8,8,8,8,8,6,6,6,12,12,12,16,7,7,7","12:21,12:53","11,211,22"
11,25,0.676615,-0.300798,0.920371,2.95478,-0.078123,3.97824,36.6122,38.8176,2.32261,5.27508,2.83349,0,0,-3.29357,"6","15,8,8,8,8,8,8,6,6,6,12,12,12,16,7,7,7","12:61","11,211,22,22"
11,2697,0.681955,0.211582,0.911351,0.73861,0.26157,0.942264,39.7459,38.0779,-0.0732491,0.106687,-3.86723,0,0,-2.36494,"6","15,8,8,8,8,8,8,6,6,6,12,12,12,16,7,7,7","12:20,12:51","11,211,2112,22,22,2112,22"
11,1920,-0.414896,-0.554523,0.865732,-1.09585,-3.57249,5.31393,35.1151,38.6586,-5.56856,4.19198,1.88884,0,0,-0.47072,"6","15,8,8,8,8,8,8,6,6,6,12,12,16,7,7,7","12:17,12:43","11,211,2112,22"
11,3013,-0.225006,-0.677017,0.898779,-0.199985,-0.595696,0.941405,33.7223,38.4416,-10.5049,3.51272,-7.08063,0,0,-5.21216,"6","15,8,8,8,8,8,8,6,6,6,12,12,16,7,7,7","12:41","11,211,22"
11,501,-0.542212,0.397504,0.843855,-3.30202,1.35495,4.50189,38.4083,38.5448,0.728133,0.937016,-2.06689,0,0,-3.61682,"6","15,8,8,8,8,8,8,6,6,6,12,12,12,16,7,7,7","12:20,12:51","11,211,2112,2112"
11,4503,-0.00742118,-0.714718,0.886015,-0.03958,-3.20408,5.22692,31.5101,38.8934,-1.3201,0.0453851,5.00316,0,0,-5.58624,"6","15,8,8,8,8,8,8,6,6,6,12,12,12,16,7,7,7","12:54","11,211,2112,2112"
11,356,0.715347,0.233062,0.932727,0.747903,0.279393,1.0234,37.959,38.8903,-0.0472546,0.0333415,-4.04243,0,0,0.088264,"6","15,8,8,8,8,8,8,6,6,6,12,12,12,16,7,7,7","12:21,12:54","11,211,22"
11,718,-0.488822,0.534851,0.918702,0.194105,0.695509,1.19084,31.2313,38.2628,6.16907,5.62043,4.67148,0,0,-3.1899,"6","15,8,8,8,8,8,8,6,6,6,12,12,16,7,7,7","12:17,12:44","11,211,2112"
11,2215,0.626489,0.0373424,0.799482,0.678516,0.065685,0.954484,35.5342,38.1323,0.097291,-2.18872,0.103498,0,0,-1.89251,"6","15,8,8,8,8,8,8,6,6,6,12,12,16,7,7,7","12:16,12:43","11,211,2112"
11,4112,0.680004,-0.231345,0.91794,0.665812,-0.222144,0.971787,35.8395,38.0429,-1.5686,-4.51945,3.11637,0,0,-1.29544,"6","15,8,8,8,8,8,8,6,6,6,12,12,12,16,7,7,7","12:19,12:49","11,211"
11,1297,-0.397983,-0.633085,0.923786,-1.51734,-1.58678,4.16929,27.7707,38.9895,-3.76293,2.39309,7.27853,0,0,-1.71012,"6","15,8,8,8,8,8,8,6,6,6,12,12,16,7,7,7","12:19,12:48","11,211,22,2112,2112,2112,22"
11,3292,-0.622427,0.240209,0.835403,-1.8258,0.0988,2.29954,38.4898,38.6116,-3.31765,-8.69687,-1.37874,0,0,-0.44136,"6","15,8,8,8,8,8,8,6,6,6,12,12,12,16,7,7,7","12:61","11,211,22"
11,2619,0.21411,0.704301,0.927404,0.731445,2.28427,2.54331,43.3217,38.4408,0.166869,-0.0911525,-0.753093,0,0,-4.21652,"6","15,8,8,8,8,8,8,6,6,6,12,12,12,16,7,7,7","12:20,12:51","11,211,2112,2112,22"
11,921,-0.539714,0.489469,0.906174,-0.610949,0.515046,0.978483,39.2369,38.801,-0.512105,-0.591864,-2.01845,0,0,-2.91847,"6","15,8,8,8,8,8,8,6,6,6,12,12,12,16,7,7,7","12:21,12:54","11,211,2112,2112,22,2112,22"
11,2815,0.572834,0.351567,0.853842,0.56522,0.352735,0.853182,37.9865,38.2086,0.223734,-0.420474,-1.74388,0,0,-2.62367,"6","15,8,8,8,8,8,8,6,6,6,12,12,12,16,7,7,7","12:20,12:52","11,211"
11,2167,0.634464,0.0147857,0.787334,3.1647,1.85498,4.67578,38.1151,38.8708,-0.204161,7.8074,0.189633,0,0,-1.43288,"6","15,8,8,8,8,8,8,6,6,6,12,12,12,16,7,7,7","12:51","11,211,22"
11,1904,0.622597,0.377064,0.912329,0.515645,0.257156,0.837336,34.5337,38.5837,5.8856,-9.75056,-3.72157,0,0,-4.39942,"6","15,8,8,8,8,8,8,6,6,6,12,12,16,7,7,7","12:43","11,211,22,22"
11,3074,0.707234,0.142169,0.905111,0.729591,0.312202,1.5691,26.8284,38.5552,-0.990284,4.77779,16.3464,0,0,-3.95401,"6","15,8,8,8,8,8,8,6,6,6,12,12,12,16,7,7,7","12:52","11,211"
11,2433,-0.439316,0.446527,0.786157,-0.512633,0.457933,0.872648,38.2274,38.5476,-0.59657,-0.643882,-1.91776,0,0,-4.00162,"6","15,8,8,8,8,8,8,6,6,6,12,12,12,16,7,7,7","12:19,12:50","11,211,2112,2112,22,22"
11,160,-0.506416,0.456258,0.870001,-0.566376,0.466639,0.920394,38.5661,38.0783,-0.770426,-0.889836,-1.83032,0,0,-1.38954,"6","15,8,8,8,8,8,8,6,6,6,12,12,12,16,7,7,7","12:20,12:52","11,211,2112,2112,22"
11,4396,0.639444,0.217296,0.847265,0.645625,0.228573,0.863672,38.4144,38.5584,-0.174156,0.40702,-0.70561,0,0,-4.70136,"6","15,8,8,8,8,8,8,6,6,6,12,12,12,16,7,7,7","12:20,12:52","11,211,22"
11,1224,0.570358,0.482919,0.931223,0.707452,0.783471,1.39805,37.055,38.7484,1.20736,-1.4727,-1.08528,0,0,-5.27247,"6","15,8,8,8,8,8,8,6,6,6,12,12,12,16,7,7,7","12:21,12:53","11,211"
11,3608,0.624867,-0.175236,0.80952,0.545016,-0.235704,0.85075,34.914,38.7184,-0.232644,-0.758513,-0.917803,0,0,-3.97184,"6","15,8,8,8,8,8,8,6,6,6,12,12,12,16,7,7,7","12:49","11,211,2112"
11,3513,-0.56848,-0.362995,0.862715,-0.569697,-0.362557,0.863444,38.0281,38.019,-2.10115e-05,0.0575226,-0.674919,0,0,-2.0701,"6","15,8,8,8,8,8,8,6,6,6,12,12,12,16,7,7,7","12:20,12:52","11,211,22"
11,3091,0.452103,0.507065,0.84863,1.36588,2.87106,6.25092,26.9593,38.678,15.7197,-14.0401,13.8005,0,0,-2.68246,"6","15,8,8,8,8,8,8,6,6,6,12,12,16,7,7,7","12:12,12:33","11,211,2112,2112,2112,2112,2112,22,2112,2112,22,22,22,22,22,2112,2112"
11,3584,0.514284,-0.45967,0.85734,1.37007,-2.23973,4.19564,32.0375,38.8184,-2.42271,-2.68665,1.12216,0,0,-4.04573,"6","15,8,8,8,8,8,8,6,6,6,12,12,12,16,7,7,7","12:19,12:49","11,211,2112"
11,972,-0.391714,0.60804,0.897931,-0.27164,0.539875,0.99155,31.3628,38.8518,13.4588,8.65768,9.46212,0,0,-3.3612,"6","15,8,8,8,8,8,8,6,6,6,12,12,16,7,7,7","","11,211,22"
11,2594,-0.499515,0.459374,0.864051,-0.514816,0.462694,0.883586,38.0745,38.1463,0.142739,0.131793,-0.164452,0,0,1.37414,"6","15,8,8,8,8,8,8,6,6,6,12,12,12,16,7,7,7","12:20,12:51","11,211"
11,3886,-0.39682,0.50686,0.79723,-0.814771,0.645886,1.34401,37.7254,38.9189,-2.29209,-1.81977,1.55474,0,0,-3.15696,"6","15,8,8,8,8,8,8,6,6,6,12,12,12,16,7,7,7","12:19,12:51","11,211"
11,4662,-0.538416,0.452137,0.895738,-0.536648,0.459373,0.930318,37.2102,38.1289,0.174008,0.168517,-0.809491,0,0,-2.74041,"6","15,8,8,8,8,8,8,6,6,6,12,12,12,16,7,7,7","12:20,12:52","11,211,2112,2112,2112"
11,2080,0.288487,-0.644505,0.882634,-0.042007,-0.527502,1.10458,25.5976,38.6605,-7.64858,-3.3924,8.73075,0,0,-5.75775,"6","15,8,8,8,8,8,8,6,6,6,12,12,16,7,7,7","12:17,12:44","11,211,2112,22"
11,3846,-0.117953,-0.644029,0.816199,-0.596299,-0.48616,0.955097,38.8527,38.736,-2.50719,0.482948,-1.44596,0,0,-7.86275,"6","15,8,8,8,8,8,8,6,6,6,12,12,12,16,7,7,7","12:19,12:49","11,211,2112,2112,2112,22"
11,432,-0.628259,-0.25008,0.835068,-0.423205,-0.694409,3.34827,13.6513,38.9991,3.46552,-8.57114,44.4605,0,0,-5.84756,"6","15,6,6,6,12,12,12,16,7,7,7","12:21,12:54","11,211,2112,2112,2112,2112,22,22"
11,3221,-0.629407,-0.250652,0.860938,-2.51542,-0.055921,4.2849,30.4209,38.1995,-2.55626,6.50728,5.55583,0,0,-3.07748,"6","15,8,8,8,8,8,8,6,6,6,12,12,16,7,7,7","12:17,12:46","11,211,22,22"
11,92,-0.382649,0.553818,0.849998,-0.326549,0.459083,0.924899,31.3465,38.3773,-0.517864,-0.403895,2.74163,0,0,-1.58421,"6","15,8,8,8,8,8,8,6,6,6,12,12,16,7,7,7","12:18,12:47","11,211"
11,3491,0.71586,0.187627,0.929554,0.748571,0.293015,1.03467,37.8449,38.5241,-0.871823,3.14325,-2.98434,0,0,-3.66553,"6","15,8,8,8,8,8,8,6,6,6,12,12,12,16,7,7,7","12:21,12:55","11,211,22"
11,1263,-0.484096,0.453819,0.83039,-0.704578,0.511993,1.25293,34.8047,38.6278,3.32568,3.50386,2.90366,0,0,-1.225,"6","15,8,8,8,8,8,8,6,6,6,12,12,16,7,7,7","12:18,12:47","11,211"
11,4507,0.090309,-0.671189,0.85869,0.093447,-0.687857,0.968124,35.6417,38.2624,-3.96848,-0.49354,4.74546,0,0,-6.93095,"6","15,8,8,8,8,8,8,6,6,6,12,12,12,16,7,7,7","12:19,12:49","11,211"
11,1603,0.601193,0.18677,0.789221,0.600569,0.202164,0.79808,38.4499,38.5783,-0.0267271,-0.0254795,-0.579711,0,0,-4.6878,"6","15,8,8,8,8,8,8,6,6,6,12,12,12,16,7,7,7","12:50","11,211"
11,3864,0.628126,-0.199721,0.829987,0.065479,-2.65306,3.43008,37.7293,38.454,-5.92193,-18.5868,9.43925,0,0,-2.36607,"6","15,8,8,8,8,8,8,6,6,6,12,12,16,7,7,7","12:12,12:32","11,211,22,22"
11,347,0.182573,0.637639,0.838417,-1.22443,3.40709,6.28069,29.9608,38.3471,-7.60277,2.14477,7.31486,0,0,-2.06959,"6","15,8,8,8,8,8,8,6,6,6,12,12,12,16,7,7,7","12:22,12:57","11,211,2112,2112,22,2112,2112,2112,2112,2112"
11,2847,-0.600202,-0.263514,0.817264,-0.449202,-0.067811,0.997572,24.4844,38.732,-1.0147,2.39356,7.87745,0,0,-1.82978,"6","15,8,8,8,8,8,8,6,6,6,12,12,12,16,7,7,7","12:19,12:50","11,211,22"
11,242,-0.239179,-0.643454,0.877225,-0.230534,-0.703717,0.937875,38.2935,38.0448,0.58834,-0.19216,-2.11419,0,0,-2.76074,"6","15,8,8,8,8,8,8,6,6,6,12,12,12,16,7,7,7","12:19,12:49","11,211,22,22"
11,2562,0.607804,0.184958,0.812885,0.648961,0.223866,0.883786,37.8386,38.01,-0.0829463,0.158509,-4.83116,0,0,-6.22706,"6","15,8,8,8,8,8,8,6,6,6,12,12,12,16,7,7,7","12:49","11,211,22"
11,3095,-0.387146,-0.600197,0.910466,-0.571451,-0.211476,1.1151,28.6535,38.1128,-3.38168,2.21977,1.83967,0,0,0.367158,"6","15,8,8,8,8,8,8,6,6,6,12,12,16,7,7,7","12:17,12:45","11,211,2112"
11,442,0.346881,0.583477,0.851011,0.356824,0.651789,1.0441,35.4388,38.5773,4.23422,-2.55039,4.47453,0,0,-0.547236,"6","15,8,8,8,8,8,8,6,6,6,12,12,16,7,7,7","12:43","11,211"
11,2446,-0.51203,0.457241,0.862794,-1.03209,0.790135,1.68048,37.7212,38.5071,0.282993,0.281276,-3.8493,0,0,-5.22185,"6","15,8,8,8,8,8,8,6,6,6,12,12,12,16,7,7,7","12:20,12:51","11,211,22"
11,2690,-0.304864,0.588147,0.830368,-1.82629,1.31841,2.55172,41.4354,38.5827,0.773642,0.363201,-18.1257,0,0,-2.29651,"6","15,8,8,8,8,8,8,6,6,6,12,12,16,7,7,7","12:16,12:42","11,211,22"
11,3450,0.635617,0.251738,0.869795,0.636829,0.252792,0.882603,37.8223,38.1671,-0.162064,0.302592,-0.055002,0,0,1.18932,"6","15,8,8,8,8,8,8,6,6,6,12,12,12,16,7,7,7","12:20,12:52","11,211,22"
11,3764,-0.261276,-0.646551,0.875277,-0.228838,-0.722557,0.935875,39.0027,38.5449,1.28485,-0.478929,-5.81716,0,0,-0.971746,"6","15,8,8,8,8,8,8,6,6,6,12,12,12,16,7,7,7","12:19,12:50","11,211,2112,22,2112,22"
11,3194,-0.451231,-0.568802,0.901046,-0.570807,-1.82728,2.88754,33.5433,38.8613,5.42751,-4.25568,3.09472,0,0,-0.393119,"6","15,8,8,8,8,8,8,6,6,6,12,12,12,16,7,7,7","12:23,12:59","11,211"
11,4140,-0.477452,0.458354,0.826783,-0.536261,0.48036,0.881788,39.2303,38.6778,-0.133017,-0.183983,-1.35141,0,0,-0.877313,"6","15,8,8,8,8,8,8,6,6,6,12,12,12,16,7,7,7","12:20,12:51","11,211,2112,22,22,22"
11,3358,-0.449812,0.436996,0.78817,-0.532847,0.455559,0.978941,35.6073,38.5086,-0.845121,-0.933235,-0.297241,0,0,-3.19282,"6","15,8,8,8,8,8,8,6,6,6,12,12,12,16,7,7,7","12:20,12:51","11,211"
11,1391,0.723065,0.0497097,0.927295,3.2368,1.4224,4.36583,39.0013,38.0111,0.244759,-4.04297,-11.2901,0,0,-4.26058,"6","15,8,8,8,8,8,8,6,6,6,12,12,16,7,7,7","12:17,12:44","11,211,2112,22,22"
11,4639,-0.208471,0.583989,0.787057,0.519019,0.465451,1.03922,33.8556,38.2328,10.3387,3.66028,8.49924,0,0,-1.25413,"6","15,8,8,8,8,8,8,6,6,6,12,12,16,7,7,7","12:14,12:36","11,211,22,22,2112"
11,3366,-0.287245,-0.614011,0.858232,-0.278704,-0.960557,1.31775,37.1986,38.3036,2.31979,-1.0349,1.93697,0,0,-0.659593,"6","15,8,8,8,8,8,8,6,6,6,12,12,16,7,7,7","12:19,12:48","11,211"
11,3205,-0.582184,-0.470138,0.937964,-1.79432,-2.29349,4.84681,30.9977,38.583,0.869007,-1.01562,4.05741,0,0,-2.02687,"6","15,8,8,8,8,8,8,6,6,6,12,12,12,16,7,7,7","12:22,12:57","11,211,22,22"
11,3806,-0.0134859,-0.627437,0.792031,-0.772206,-1.48688,2.23006,36.9175,38.3923,-5.03547,0.123361,-0.899272,0,0,-4.6757,"6","15,8,8,8,8,8,8,6,6,6,12,12,16,7,7,7","12:17,12:45","11,211,22,22"
11,476,0.0214914,0.699156,0.884857,-0.141626,1.1013,1.53823,35.8237,38.3266,0.513304,-0.0561735,4.35848,0,0,0.246865,"6","15,8,8,8,8,8,8,6,6,6,12,12,12,16,7,7,7","12:21,12:53","11,211"
11,2554,0.704087,0.235763,0.941696,0.754882,0.280469,1.0471,37.5629,38.2552,-0.447475,1.24194,-3.02254,0,0,-0.794344,"6","15,8,8,8,8,8,8,6,6,6,12,12,12,16,7,7,7","12:21,12:54","11,211,22"
11,2210,0.253366,0.636578,0.85741,-0.156674,1.6772,2.24097,36.9316,38.628,-3.38505,1.31842,-0.103233,0,0,-4.41595,"6","15,8,8,8,8,8,8,6,6,6,12,12,12,16,7,7,7","12:20,12:51","11,211,2112,2112,22,22,22,22"
11,3017,0.660249,0.258564,0.87712,0.522768,0.516004,1.24084,30.6242,38.9524,0.0828264,-0.287473,7.99213,0,0,-0.829559,"6","15,8,8,8,8,8,8,6,6,6,12,12,12,16,7,7,7","12:21,12:54","11,211"
11,153,0.639365,0.0476986,0.796887,2.76256,-0.159859,2.5141,47.7436,38.8187,-0.364958,4.31923,-4.56907,0,0,-3.77566,"6","15,8,8,8,8,8,8,6,6,6,12,12,12,16,7,7,7","12:50","11,211,2112,22,22"
11,2237,-0.48203,0.478278,0.855977,-0.562496,0.500502,0.954589,38.2645,38.4249,-0.621967,-0.656183,-4.59974,0,0,-3.03083,"6","15,8,8,8,8,8,8,6,6,6,12,12,12,16,7,7,7","12:20,12:51","11,211,2112,22"
11,3887,0.163087,-0.611552,0.791964,0.309478,-0.713548,1.0875,35.5721,38.6313,-3.87497,-1.00872,-2.9578,0,0,-0.419655,"6","15,8,8,8,8,8,8,6,6,6,12,12,16,7,7,7","12:16,12:43","11,211,2112,2112"
11,832,-0.498554,0.484169,0.884538,-0.567875,0.499018,0.968577,37.9721,38.156,-0.69519,-0.744409,-2.33155,0,0,-4.38935,"6","15,8,8,8,8,8,8,6,6,6,12,12,12,16,7,7,7","12:20,12:52","11,211,22"
11,2533,-0.704336,-0.152482,0.897843,-2.59875,-2.32765,4.0711,40.5952,38.7522,2.12406,-9.58737,2.17169,0,0,-0.226078,"6","15,8,8,8,8,8,8,6,6,6,12,12,12,16,7,7,7","12:23,12:59","11,211,22"
11,3754,-0.169609,0.715244,0.928283,-0.291906,0.86477,1.31331,34.7981,38.3746,4.83607,1.12627,3.1919,0,0,-4.78706,"6","15,8,8,8,8,8,8,6,6,6,12,12,12,16,7,7,7","12:19,12:50","11,211"
11,1798,-0.443481,0.486188,0.83434,-1.26459,1.19115,6.58428,14.7805,38.2639,0.00470446,-0.01933,7.38881,0,0,-3.68093,"6","15,8,8,8,8,8,8,6,6,6,12,12,12,16,7,7,7","12:19,12:49","11,211,22,22"
11,4764,-0.0436866,-0.632997,0.795865,-0.00027,-0.514316,0.882028,30.2467,38.5636,1.94572,-0.0870183,2.5134,0,0,-3.0949,"6","15,8,8,8,8,8,8,6,6,6,12,12,12,16,7,7,7","12:54","11,211"
11,3782,0.62703,0.113128,0.798257,1.43783,0.729475,3.08437,27.5975,38.5962,-0.157404,0.733945,2.49901,0,0,-3.00348,"6","15,8,8,8,8,8,8,6,6,6,12,12,12,16,7,7,7","","11,211,2112,2112,2112,22,2112,22"
11,1114,-0.547653,0.47995,0.921543,-0.594656,0.499038,0.97034,38.6611,38.3157,-0.340733,-0.428639,-2.02129,0,0,-5.80537,"6","15,8,8,8,8,8,8,6,6,6,12,12,12,16,7,7,7","12:20,12:53","11,211,2112,22"
11,2406,-0.0830675,0.718319,0.924678,-0.086035,0.720098,0.938825,37.6852,38.0257,0.461746,0.0242941,-0.14449,0,0,-7.90935,"6","15,8,8,8,8,8,8,6,6,6,12,12,12,16,7,7,7","12:21,12:53","11,211"
11,2666,0.644589,-0.135855,0.832528,0.702646,-0.141663,1.3997,27.1169,38.3533,-4.41263,-20.8944,13.2383,0,0,-1.64989,"6","15,8,8,8,8,8,8,6,6,6,12,12,16,7,7,7","","11,211,22"
11,2760,0.582508,0.358597,0.860729,1.90923,1.07582,1.95111,48.3208,38.4748,0.607648,-1.01713,-3.11529,0,0,-5.6849,"6","15,8,8,8,8,8,8,6,6,6,12,12,12,16,7,7,7","12:20,12:51","11,211,2112,2112,2112,2112,2112,2112,2112,2112,2112,2112,22,22,22,22"
11,3198,-0.481428,0.455386,0.8287,-0.524822,0.473542,0.877888,38.8412,38.6482,0.0651083,0.0455318,-1.29179,0,0,-1.19553,"6","15,8,8,8,8,8,8,6,6,6,12,12,12,16,7,7,7","12:20,12:51","11,211,2112,22"
11,4239,-0.551307,-0.389049,0.855,-1.09986,-0.831234,2.39969,29.8776,38.2802,-7.94115,11.288,4.10178,0,0,-8.26657,"6","15,8,8,8,8,8,8,6,6,6,12,12,16,7,7,7","12:15,12:39","11,211"
11,3352,-0.494911,0.552428,0.9385,-0.686567,0.582145,1.04824,40.6533,38.3193,-8.39159,-7.59169,1.54377,0,0,-3.23004,"6","15,8,8,8,8,8,8,6,6,6,12,12,12,16,7,7,7","12:23,12:59","11,211,22"
11,196,0.409933,0.513906,0.828664,0.40925,0.510255,0.867069,37.0302,38.4249,1.89522,-1.5591,2.61253,0,0,-5.1218,"6","15,8,8,8,8,8,8,6,6,6,12,12,16,7,7,7","12:18,12:46","11,211"
11,4277,0.668744,0.211191,0.888192,1.90785,-0.680766,4.54766,24.0097,38.2939,1.17566,-3.86176,4.9169,0,0,-5.9263,"6","15,8,8,8,8,8,8,6,6,6,12,12,16,7,7,7","12:48","11,211,2112,22,22,2112,22"
11,726,-0.615498,-0.246253,0.823313,-0.401912,-0.185084,1.03181,23.2116,38.841,0.0691439,-0.0843014,8.86632,0,0,-1.31241,"6","15,8,8,8,8,8,8,6,6,6,12,12,12,16,7,7,7","12:20,12:53","11,211,2112,22"
11,2907,-0.159972,-0.599594,0.793057,-0.165157,-0.604819,0.805627,37.8911,38.0432,-0.0595392,0.0373962,-0.286747,0,0,-1.57666,"6","15,8,8,8,8,8,8,6,6,6,12,12,16,7,7,7","12:18,12:48","11,211,2112"
11,3780,0.176329,-0.630939,0.834354,0.402662,-0.876624,1.38653,34.8283,38.1382,-1.8505,-0.475951,4.00946,0,0,2.47618,"6","15,8,8,8,8,8,8,6,6,6,12,12,16,7,7,7","12:19,12:48","11,211,22"
11,380,0.215212,0.659671,0.878021,0.214793,0.654776,0.861509,38.6557,38.3189,0.235187,-0.0940089,-1.88269,0,0,-2.12302,"6","15,8,8,8,8,8,8,6,6,6,12,12,12,16,7,7,7","12:19,12:49","11,211,2112,2112,2112,22"
11,538,0.524128,-0.426362,0.851744,0.280926,-0.391665,0.943936,27.05,38.4231,-14.743,-18.0991,18.0753,0,0,-3.47922,"6","15,8,8,8,8,8,8,6,6,6,12,12,16,7,7,7","12:11,12:30","11,211"
11,283,0.620839,-0.401374,0.916151,0.613917,-0.411049,0.981024,36.9838,38.9017,-2.24536,-3.42646,3.06487,0,0,-7.19315,"6","15,8,8,8,8,8,8,6,6,6,12,12,12,16,7,7,7","12:20,12:52","11,211"
11,2537,-0.286927,-0.587186,0.8161,-0.504203,-0.441404,0.852231,38.1783,38.6881,-3.83133,1.89503,-1.55473,0,0,-1.22242,"6","15,8,8,8,8,8,8,6,6,6,12,12,16,7,7,7","12:16,12:43","11,211"
11,3813,-0.508217,0.446674,0.848846,-0.511785,0.461235,0.88617,37.8634,38.5582,0.927661,1.00192,0.4829,0,0,-6.62276,"6","15,8,8,8,8,8,8,6,6,6,12,12,12,16,7,7,7","12:19,12:51","11,211"
